title,date,main,url,section,section_name
8월도 청문회 정국…野 ‘마약수사 외압·방송장악’ 공세,2024.08.08. 오후 8:29,"이달 청문회 6건 예고…정쟁 수단으로 비화22대 국회의 ‘청문회 정국’이 8월 임시국회에서도 이어질 전망이다. 이달 중에만 6차례의 청문회가 예고돼 있다. 야당은 ‘마약수사 외압 의혹’과 공영방송 이사 선임에 따른 ‘방송장악 시도’를 파헤치겠다며 벼르고 있다. 여야가 민생 법안 우선 처리에 공감하며 숨 고르기에 돌입한 가운데, 여야가 청문회 공방으로 당력을 소모될 것으로 보인다.8일 오후 열린 국회 행정안전위원회 전체회의에서 여야 위원들이 마약수사 외압 의혹 관련 청문회 실시계획서 채택의 건 등을 논의하고 있다.  /연합뉴스22대 국회 개원 후 지난 6, 7월 진행된 인사청문회를 제외한 입법 및 현안 청문회는 총 7차례 열렸다. 6월에는 21일 국회 법제사법위원회의 ‘채상병 특검법’ 입법 청문회를 시작으로, ‘라인야후 사태’ 청문회, 전세 사기 피해자 지원 대책 논의 현안 청문회, 의대 증원에 따른 ‘의료계 비상 상황’ 청문회, 노란봉투법 청문회가 열렸고, 지난달에는 윤석열 대통령 탄핵 청원 관련 청문회가 19일, 26일 두 차례 개최됐다. 모두 더불어민주당 등 야당이 주도했다.이달도 ‘청문회 정국’이 이어진다. 야당은 국회 과학기술정보방송통신위원회에서 오는 9일과 14일, 21일 ‘방송장악’ 청문회를 각각 연다. 방송통신위원회(방통위)가 지난달 31일 이진숙 위원장과 김태규 방통위원(현 방통위 직무대행)만으로 구성된 ‘2인 체제’에서 공영방송 이사 선임안을 처리한 것을 문제 삼았다. 김 직무대행 등 핵심 증인들이 출석요구서를 제때 받지 못했다며 불참을 통보하자 증인들이 출석할 때까지 청문회를 하겠다며 2, 3차 청문회 일정을 잡은 것이다.14일에는 김영철 서울북부지검 차장검사 탄핵소추안 관련 청문회를 연다. 22대 국회에서 처음으로 현직 검사 탄핵에 시동을 건 것이다. 김 차장검사 청문회 증인으로는 윤석열 대통령 부인 김건희 여사와 이원석 검찰총장 등 20명을 채택했다. 민주당은 김 차장검사 외에 3명(강백신‧박상용‧엄희준) 검사에 대한 탄핵소추안도 발의한 상태로, 이에 대한 청문회도 연달아 개최하겠다는 방침이다. 이들 모두 이재명 전 민주당 대표 관련 수사를 담당한 이력이 있다.이주호 사회부총리 겸 교육부 장관(왼쪽)과 오석환 차관이 8일 오전 서울 여의도 국회에서 열린 교육위원회 전체회의에 출석해 위원장 발언을 듣고 있다. /뉴스116일에는 국회 교육위원회에서 의과대학 증원에 따른 의대 교육 점검 연석 청문회를 열기로 하고 이날 일정과, 출석을 요구할 증인·참고인 등을 의결했다. 앞서 국회 국민동의청원에서 의대증원 관련 청원이 동의 요건인 5만 명을 넘겨 상임위에 회부돼 개최된 것이다. 청문회에서는 교육부의 의대 정원 배정기준·절차 및 실사여부·결과와 교육부와 기재부의 예산 지원 현황 등에 대한 질의가 집중될 전망이다.20일에는 국회 행정안전위원회에서 이른바 ‘세관 마약 수사 외압’ 의혹 관련 청문회를 열기로 했다. 해당 의혹은 서울 영등포경찰서가 지난해 필로폰 밀반입을 도운 세관 직원들을 수사하는 과정에서 서울청이 수사팀에게 수사 무마 압력을 행사했다는 폭로가 나오면서 불거졌다. 특히 야당은 폭로 당사자인 백해룡 경정(전 영등포경찰서 형사과장)과 조병노 수원남부경찰서장(전 서울청 생활안전부장) 간 통화 녹취록을 근거로 용산 대통령실이 개입했을 가능성도 제기하며 공세 수위를 높이고 있다. 이날 증인으로는 윤희근 경찰청장, 조지호 서울경찰청장, 김찬수 전 서울 영등포경찰서장, 조 서장, 백 경정 등 28명이 채택됐다.이 외에 야당은 법사위에서 ‘한동훈 특검법’(한동훈 전 법무부 장관의 검사·장관 재직 시 비위 의혹 등 진상규명을 위한 특별검사 임명 등에 관한 법률안)’과 ‘김건희 특검법(대통령 윤석열의 배우자 김건희의 주가조작 의혹 등 진상규명 특별검사 임명 등에 관한 법률안)’과 관련해 향후 청문회 또는 공청회를 진행하기로 했다.‘티몬’·'위메프’의 대규모 정산 지연 사태와 관련해서도 국회 정무위원회에서 청문회를 추진하겠다는 계획이다. 특히 야당은 금융감독원과 공정거래위원회 등 정부의 관리감독 소홀을 집중 추궁하겠다고 예고했다.정치권에선 22대 들어 현안 관련 청문회가 급증한 것은 이례적이라는 평가다. 20대 국회 4년 임기 동안 현안 청문회는 ‘조선해운산업 구조조정’ 1·2차, ' KT 화재원인 규명 및 방지대책’ ‘백남기 농민 물대포 사건’ 등 4건, 21대에서는 ‘철인 3종경기 선수 가혹행위 및 체육분야 인권침해’, ‘산업재해’, ‘정순신 자녀 학교폭력 진상조사 및 학교폭력 대책 수립’ 1·2차 등 3건이었다.청문회 제도는 국회에서 중요한 안건을 심사하거나 사안의 심각성을 고려해 필요한 정보를 얻어 문제를 해결하고 입장을 조정하기 위한 것이다. 이를 감안할 때 정쟁용 청문회 남발을 자제할 필요가 있다는 지적이 나온다. 조진만 덕성여대(정치외교학과) 교수는 “정책 현안이든 갈등 사안이든 그것을 (여야가) 충분히 논의하고 그 과정에서 청문회를 통해 문제의식을 공유하고 갈등을 조정하고 타협점을 찾아야 하는데 지금 (이뤄지는 청문회는) 그런 의도는 아닌 것 같다”라며 “정치적인 사안 중심으로, 합의 노력 없이 청문회를 통해 오히려 갈등을 증폭시키고 여론전을 하려는 모습들은 제도의 본 취지를 못 살리는 부분이 있다”고 했다.",https://n.news.naver.com/mnews/article/366/0001010774,100,정치
‘친명’ 양문석 “김동연 경기지사의 두 얼굴” 저격… 왜?,2024.08.09. 오후 2:44,"양문석 더불어민주당 의원. 경기사진공동취재단‘친명계’(친이재명계) 양문석 더불어민주당 의원이 같은 당 소속인 김동연 경기도지사를 겨냥해 “김경수 전 도지사의 복권을 강력히 촉구하면서도 정작 자기 직원인 경기도청 김경수 팀장의 부당한 직위 해제에 대해선 철저히 외면하고 있다”며 “그야말로 모순”이라고 직격했다.9일 정치권에 따르면 양 의원은 지난 8일 페이스북에 ‘경기도지사 김동연의 두 얼굴’이란 제목의 글을 통해 “김 지사는 정의와 공정을 내세우며 김 전 도지사의 복권을 요청하고 있지만, 경기도청 내에서 벌어지고 있는 부당한 처우에는 왜 침묵하고 있는 것인가”라며 이같이 비판했다.그는 “김 팀장은 이재명 전임 도지사를 겨냥한 검찰의 기소 이후 2022년 11월 김 지사로부터 직위해제 통보를 받았고, 현재까지도 직위 해제가 유지되고 있다”고 설명했다. 김 팀장은 이재명 더불어민주당 당대표 후보의 도지사 시절 사건으로 검찰에 기소됐고, ‘형사 사건으로 기소된 공무원은 직위 해제 대상’이라는 국가공무원법에 따라 직을 상실한 뒤 아직도 실직 상태인 것으로 전해졌다.양 의원은 “김 팀장은 급여의 30%로 치매를 앓고 있는 노모와 4인 가족의 생계를 유지하며, 이에 따라 가족의 생계가 위협받고 있는 상황”이라며 “김 팀장의 부당한 직위 해제에 대한 재검토를 위해 1000명이 넘는 사람들이 김 지사에게 탄원서를 제출했음에도, 김 지사는 자기 직원이 겪고 있는 고통을 외면하고 있다”고 주장했다.그러면서 “김 지사가 진정으로 공정과 정의를 외치려면, 자신이 관리하는 조직 내의 불합리한 상황부터 바로잡아야 할 것”이라며 “이제라도 김 팀장의 상황을 재검토하고, 그가 다시 공직에 복귀할 수 있도록 조처해야 한다”고 목소리를 높였다.",https://n.news.naver.com/mnews/article/081/0003471285,100,정치
"남양주 별내~서울 잠실, 별내선으로 27분 도달…김동연 “북부 교통 숨통 트일 것”",2024.08.09. 오후 3:50,"9일 남양주시 별내역에서 열린 지하철 8호선 연장 별내선 개통식 모습. 경기도 제공앞으로 남양주시 별내에서 서울 잠실까지 이동 시간은 기존 45분에서 27분으로 단축될 것으로 보인다.남양주시 별내역과 서울 암사역을 잇는 지하철 8호선 연장 별내선(암사~별내)이 개통식과 시승식을 거쳐 10일 공식 운행 준비를 마쳤기 때문이다.9일 오후 2시 별내역에서 열린 개통식에는 김동연 경기도지사, 박상우 국토교통부 장관, 오세훈 서울시장, 지역 국회의원, 주민 등이 참석했다.김 지사는 “별내선은 경기도가 직접 건설하고 시행한 경기북부 최초의 지하철 사업이라는 점에서 아주 남다른 의미를 가지고 있다”며 “구리와 남양주, 경기동북부의 교통 숨통이 확 트일 것 같아서 아주 기쁘게 생각한다”고 말했다.그러면서 “지난해 9월 경기북부대개발 비전 발표 후 1년이 채 안 지나 벌써 도로 2개(국지도 98호선 남양주 오남~수동. 파주 적성~연천 두일 확포장 도로) 철도 1개(별내선)을 개통했다. 약속드린 경기북부 대개발에 좋은 모멘텀이 만들어졌다고 생각한다”고 덧붙였다.별내선(암사~별내)은 기존 8호선 서울 강동구 암사역에서 시작해 남양주 별내역까지 총 6개 역을 연결하는 총연장 12.9㎞의 노선이다. 6개 역은 암사역사공원, 장자호수공원, 구리, 동구릉, 다산, 별내역이다.별내선은 다른 도시철도와 같이 수도권 통합요금제를 적용받고, 시·종점간 소요시간은 19분으로 평균 시속 40.7㎞ 속도로 운행하게 되며, 개통 후 별내선과 8호선은 기존보다 9편성 늘어난 29편성으로 운행할 예정이다.별내역에서 잠실까지는 기존 환승 2회에 45분가량 소요됐지만 별내선 개통으로 27분 소요돼 18분 정도 단축된다.별내선은 별내역(경춘선), 구리역(경의중앙선)이 환승역사이며, 기존 8호선은 천호역(5호선), 잠실역(2호선), 석촌역(9호선), 가락시장역(3호선), 복정역(수인분당선)에서 환승할 수 있어 남양주시, 구리시 주민은 물론 인근 경기동북부 주민들의 출퇴근이 편해질 전망이다.별내선은 총 1조3천806억원의 사업비가 투입됐으며 구리, 남양주 구간은 경기도, 강동구 구간은 서울시가 맡아 공사를 진행했다. 별내선은 하남선에 이어 경기도가 직접 사업주체가 돼 발주부터 공사까지 도맡아 추진한 두 번째 광역철도란 점에서 특별한 의미가 있다. 2015년 9월 착공해 9년 만인 2024년 8월 공식 개통에 이르게 됐다.",https://n.news.naver.com/mnews/article/666/0000049136,100,정치
"軍 ""북한 신형 전술탄도탄 발사대 250대, 전방 배치 동향 없어""",2024.08.09. 오후 2:53,"""발사대 채워넣을 미사일 생산에 상당기간 소요 전망""사거리 110㎞ 근거리탄도미사일(CRBM) '화성-11라'형 파악발사대(TEL), 모형·수출용 가능성 등은 단서 관측되지 않아[파이낸셜뉴스]김정은 북한 국무위원장이 딸 주애와 함께 지난 4일 신형 전술탄도미사일무기체계 인계인수 기념식에 참석해 연설을 했다고 조선중앙통신이 5일 보도했다. 통신은 김 위원장이 250대의 신형전술탄도미사일발사대를 국경 제1선부대에 인도하는 연설 내용도 전했다. 사진=조선중앙통신 캡처북한이 신형 전술탄도미사일 발사대 250대를 최전방에 배치했다고 주장했지만, 우리 군은 관련 동향은 포착되지 않았다고 분석했다.합동참모본부 관계자는 9일 ""현재 발사대 250대의 전방 배치 동향은 없다""며 ""발사대에 채워넣을 미사일을 생산하는 데에도 상당 시간이 걸릴 것으로 예상된다""고 말했다.북한이 공개한 발사대들이 '목업'(mock-up·실물모형)일 가능성에 대해선 그렇게 볼 만한 단서가 관측되지 않았다고 전했다.대남 공격·위협용이 아닌 수출용일 가능성에 대해서도 ""상황 더 봐야겠다""라며 ""수출용이라고 단정 지어 말씀드리기 어렵다""고 답했다.전날 북한 주민이 한강 하구 중립 수역을 넘어 귀순한 것이 우리 군의 대북 확성기 방송 영향일 가능성에 대해선 ""조사해 봐야 알 수 있다""면서 ""확성기 방송이 효과를 보려면 최소 3개월 이상 길게 봐야 한다""며 대북 심리전을 계속 이어갈 것이라고 합참관계자는 설명했다.북한 관영 선전 매체들은 지난 5일 군수공장에서 생산된 신형 전술탄도미사일용 발사대 250대를 국경 제1선 부대들에 인도하는 행사를 치렀다며 ""중요군수기업소들에서 생산된 250대의 신형 전술탄도미사일 발사대가 조선민주주의인민공화국 국경제1선부대들에 인도되는 의식이 수도 평양에서 거행됐다""고 보도했다.북한이 공개한 사진에서 식별되는 이동식 발사대(TEL)엔 2022년 4월부터 시험 발사에 나선 사거리 110㎞ 정도로 추정되는 근거리탄도미사일(CRBM) '화성-11라'형이 탑재됐을 가능성이 크다고 전문가들은 관측했다.전문가들은 또 북한이 유사시 대량의 CRBM을 마치 포병 전력처럼 운용하면서 한국군 방어망을 무력화할 수 있다는 위협 의도로 대량의 발사대를 공개한 것으로 분석했다.이론적으론 250대의 TEL에 4연장 형태로 탑재된 발사관에서 CRBM이 동시다발적으로 발사되면, 1000발이 휴전선 일대에서 남쪽으로 110㎞ 사거리 내에 위치한 한미주요 전력을 대상으로 타격을 가할 수 있다.북한 노동당 기관지 노동신문은 5일 ""신형 전술탄도미사일 무기체계 인계인수기념식이 지난 4일에 진행됐다""면서 ""중요군수기업소들에서 생산된 250대의 신형 전술탄도미사일 발사대가 조선민주주의인민공화국 국경제1선부대들에 인도되는 의식이 수도 평양에서 거행됐다""고 보도했다. 사진=노동신문 캡처",https://n.news.naver.com/mnews/article/014/0005225702,100,정치
北주민 귀순 중립수역은 강 위의 DMZ…교동도로 여럿 귀순,2024.08.08. 오후 9:02,"남북 공동조사단 한강하구 수로조사 (PG)[최자윤 제작] 사진합성·일러스트(서울=연합뉴스) 현혜란 김준태 기자 = 북한 주민 1명이 8일 귀순하기 위해 걸어온 한강하구 중립수역은 남과 북의 우발적 충돌을 막기 위해 강에 설정한 비무장지대(DMZ)와 같은 완충구역이다.1953년 체결한 정전협정에 따라 경기도 파주시 탄현면 만우리 인근에서 강화군 서도면 볼음도 인근까지 만들어진 약 67㎞ 구간으로, 유엔군사령부 군사정전위원회가 관할하고 있다.지상에는 동서로 238㎞ 뻗은 군사분계선(MDL)을 중심으로 남북 2㎞씩 DMZ가 있지만, 한강 하구에는 경계선이 없어 중립수역으로 지정한 것이다.한강하구 중립수역의 폭은 가장 넓은 곳이 10㎞, 가장 좁은 곳이 900ｍ 정도이고, 썰물 때는 걸어다닐 수 있는 수준으로 수위가 낮아지는 지점이 있는 것으로 알려졌다.이런 이유로 과거에도 탈북민이 강을 헤엄쳐 귀순하는 사례가 있었다.지난 2017년 6월에는 20대 초반 북한 남성이 나뭇가지와 스티로폼 등 부유물을 어깨에 끼고 한강을 헤엄쳐 건너와 김포반도 북단 한강 하구 지역에서 발견됐다.한강하구 중립수역에 자리 잡고 있는 교동도로 탈북민이 귀순해 언론에 알려진 사례는 2013년 8월, 2014년 8월, 2015년 9월, 2017년 8월 등 여러 번 있었다.한강하구 중립수역은 6·25전쟁 이후 사람의 손길이 닿지 않아 생태적 가치가 뛰어나다는 평가를 받고 있어 남북 관계가 좋았던 지난 2018년에는 공동 이용 조사를 진행하기도 했다.복수의 군 소식통에 따르면 북한 주민 1명이 이날 새벽 남북 중립수역을 넘어 교동도 인근에 도착한 뒤 우리 측에 귀순 의사를 밝혔다.접경지역에서 북한 주민이 귀순했다는 사실이 공개된 것은 지난해 10월 동해에서 여성 3명과 남성 1명이 소형 목선을 타고 넘어온 이후 10개월 만이다. 서해로 귀순한 것은 지난해 5월 이후 처음이다.runran@yna.co.kr",https://n.news.naver.com/mnews/article/001/0014864648,100,정치
"롯데케미칼, 증권가 실적 부진 전망에 52주 신저가(종합)",2024.08.09. 오후 3:47,"롯데케미칼[롯데케미칼 제공](서울=연합뉴스) 조성흠 기자 = 롯데케미칼이 증권가의 부정적 실적 전망과 함께 9일 10% 넘게 급락했다.이날 롯데케미칼은 전날보다 9천600원(-10.74%) 내린 7만9천800원으로 장을 마쳤다.앞서는 11.19% 내린 7만9천400원으로 52주 신저가를 기록하기도 했다.전날 롯데케미칼은 연결기준 2분기 영업손실이 1천112억원으로 지난해 동기보다 적자 폭이 늘었다고 공시했다. 이는 지난해 4분기부터 3분기 연속 적자 기록이기도 하다.이날 증권가는 3분기도 실적 개선이 어려울 것이라는 전망과 함께 롯데케미칼 목표주가를 하향 조정했다.하나증권은 롯데케미칼의 3분기 영업손실이 2분기와 비슷한 1천2억원을 기록하고, 흑자 전환은 내년 중반에야 가능할 것이라고 전망했다. 목표가는 13만원에서 10만원으로 낮췄다.NH투자증권(11만5천원→9만5천원), SK증권(16만원→12만원), 신한투자증권(17만원→13만원), 삼성증권(14만5천원→12만5천원), 미래에셋증권(14만원→10만원), 한화투자증권(16만원→10만원), 유진투자증권(18만원→12만원), LS증권(15만원→12만원) 등도 이날 롯데케미칼 목표가를 일제히 내렸다.josh@yna.co.kr",https://n.news.naver.com/mnews/article/001/0014866197,101,경제
원유 같은 전략적 비축자산?…비트코인 갈길 멀어,2024.08.09. 오후 4:11,"트럼프 깜짝 발언 실현 가능성 낮아미국 유력 대선 후보인 도널드 트럼프 전 대통령은 비트코인을 전략적 국가 비축 자산으로 선정하겠다고 밝혀 세간을 놀라게 했다. 과거 대통령 재임 시절 가상자산에 비판적인 입장을 취했던 것과 180도 상반된 발언이기 때문이다. 게다가 전략적 국가 비축 자산은 미 정부 차원에서 비트코인의 중요성을 인정한 것이나 다름없기 때문에 가상자산 업계에 놀라움과 설렘을 안겨주고 있다. 하지만 미국 정부가 비트코인을 전략적으로 국가 차원에서 비축하기에는 넘어야 할 산이 많다.미국의 대표적인 전략적 비축물은 원유다. 전략비축유라는 명칭으로 미국 내에 보관되는 원유는 1973년 오일쇼크 이후 자국 내 산업 보호를 위해 시행됐다. 미국 내에 원유 공급이 중단되는 최악의 상황에도 40여 일을 이상 없이 버틸 수 있는 양을 보관하고 있다. 비트코인이 전략적 국가 비축 자산이 되려면 원유처럼 공급 중단 시 비상사태를 초래해야 한다. 트럼프 후보 진영에서는 미국이 비트코인을 육성하지 않을 경우 중국 또는 러시아에서 경제안보를 위협하는 무기로 쓸 수 있다고 위기감을 고조시키고 있지만 비트코인의 국가 간 결제는 아직 달러의 지위를 위협하기에는 태부족이다.미국의 준비자산에 비트코인을 편입하는 방안도 함께 고려되고 있다. 미국 준비자산은 국제무역 대응 등의 이유로 유로, 엔화, 파운드 등과 함께 막대한 양의 금으로 구성돼 있다. 비트코인이 디지털 금으로 간주되는 만큼 금 대신 비트코인을 보유해야 한다는 주장이다. 하지만 이 역시 현실화하기에는 무리가 있다. 비트코인의 가치 보존 속성은 러시아의 우크라이나 침공 등 일부 지정학적 위기에서만 관찰됐을 뿐 전 세계 통화 체계 내에서 검증됐다고 보긴 어렵다. 경제안보 이유도 준비자산의 운영 목적과는 맞지 않는다. 따라서 트럼프 주장대로 비트코인을 미국 국가 차원에서 비축하려면 별도 법안이 통과돼야 하지만 업계에서는 실현 가능성을 낮게 보고 있다.[김용영 엠블록 에디터]",https://n.news.naver.com/mnews/article/009/0005347991,101,경제
"코스피, 美 경기침체 우려 진정에 2590선 턱밑까지",2024.08.09. 오후 3:55,그린벨트 해제 기대감에 관련주↑코스닥지수도 2.57%↑9일 서울 중구 하나은행 본점 딜링룸. 사진=연합뉴스코스피지수가 미국 경기 침체 우려가 잦아들면서 2590선 턱밑까지 올라왔다.9일 코스피지수는 전일 대비 31.70포인트(1.24%) 오른 2588.43에 장을 마감했다. 이날 뉴욕증시는 고용지표 개선 소식에 3대 지수가 일제히 급등했다. 이에 국내 증시에서도 안도감이 번지면서 투자심리가 확대된 것으로 풀이된다.유가증권시장에서 기관 투자자가 337억원 순매수였다. 외국인과 개인은 각각 88억원과 275억원 매도우위였다.코스피 시가총액 상위기업들은 대부분 올랐다. 엔비디아 급등에 삼성전자와 SK하이닉스가 각각 1.77%와 4.96% 뛰었다. 한미반도체도 3.43% 강세였다.수도권 그린벨트 해제 기대감에 사조산업이 22.19% 폭등했다. 사조산업은 경기도 하남 일대에 부동산을 보유한 것으로 알려졌다. 에코프로머티는 이동채 전 회장의 광복절 특사설에 12.11% 급등했다. KT&G는 2분기 호실적 발표 이후 6.12% 올랐다.반면 넷마블과 롯데케미칼은 하반기 실적 우려에 10%대 급락했다. 소속 가수 방탄소년단의 멤버 슈가의 음주운전 등 구설에 휘말린 하이브는 6.31% 떨어졌다.코스닥지수도 하루 만에 반등했다. 이날 코스닥지수는 전일 대비 19.15포인트(2.57%) 오른 764.43에 거래를 마쳤다. 코스닥시장에선 외국인과 기관이 각각 513억원과 745억원 순매수였다. 개인만 1205억원 팔았다.코스닥 시가총액 상위기업들은 대부분 상승했다. 에코프로와 에코프로비엠이 각각 6%대와 7%대 뛰었다. 알테오젠 HLB 삼천당제약 엔켐 셀트리온제약 등도 상승했다.코스닥시장에서도 그린벨트 해제 기대감에 신원종합개발 상지건설 등이 가격제한폭까지 치솟았다.원·달러 환율은 급락했다. 이날 오후 3시30분 기준 서울외환시장에서 원·달러 환율은 전일 대비 12.6원 내린 1364.6원을 기록했다.,https://n.news.naver.com/mnews/article/015/0005020063,101,경제
침체 공포 한방에 취약성 드러낸 비트코인 연말까지 지옥 아니면 천당,2024.08.09. 오후 4:11,"'트럼프 랠리'라더니…미국발 경기침체 우려 커지자 훨씬 더 빠지고 덜 올라투자의 원리는 단순하다. 상승기에 많이 오르고 하락할 때 덜 떨어지는 자산을 찾는 것이다. 장이 좋을 때 많이 오르고 장이 나쁠 때 조금 떨어지면 다른 자산보다 수익률이 높을 수밖에 없다. 하지만 장이 좋을 때 조금 오르고 장이 나쁠 때 큰 폭으로 떨어진다면 투자자산으로서 결함이 많다. 8월 들어 주식 채권 비트코인 금 등 투자자산들이 롤러코스터를 탔다. 미국발 경기 침체에 일본 금리 인상까지 악재가 몰아치며 자산값이 급락했다. 그러다 메가톤급 악재들이 하루, 이틀 만에 사그라들자 다시 자산값은 급등했다.이 과정에서 옥석이 가려졌다. 두드러진 것이 비트코인이다. 미국발 경기 침체 충격에 비트코인 값은 하루 새 18%나 급락해 충격을 줬다. 주식, 채권 등 다른 금융자산보다 낙폭이 약 2배 이상 컸다. 반등할 때도 본격적으로 오르지 못하는 모습이다. 전문가들은 이번에 비트코인의 결함이 시장에 어느 정도 나타났다고 보고 있다. 업계에서는 디지털 금으로 대변되는 대체 자산, 금융 시스템 붕괴 시 대응할 수 있는 대안 자산이라는 비트코인의 두 속성이 현재는 투자자들에게 어필하지 못하고 있다는 의견도 내놨다. 미국 대통령 선거와 반감기 효과가 발휘될 연말까지는 보수적인 접근이 필요한 시점이다.외부 변수에 휘청이는 비트코인비트코인이 올 하반기 들어 상반기와 가장 달라진 점은 외부 변수의 영향력이 높아진 것이다. 상반기 비트코인은 현물 상장지수펀드(ETF)의 뉴욕 증시 상장에 따른 전통 금융권 진출로 수요가 팽창한 것이 가격을 끌어올렸다. 하지만 하반기에는 다양한 외부 변수가 비트코인의 투자심리를 흔들면서 변동성을 높이고 있다.첫손에 꼽히는 변수는 올 11월에 예정된 미국 대선이다. 공화당 대선 후보인 도널드 트럼프 전 대통령이 조 바이든 대통령과 차별화하는 과정에서 가상화폐를 핵심 주제로 선정하면서 트럼프의 한마디에 비트코인 가격이 출렁거리고 있다. 지난달 27일 미국 내슈빌에서 열린 비트코인 콘퍼런스 2024에서 트럼프가 연설에 나선 것이 대표적인 사례다. 이 자리에서 트럼프가 비트코인을 미국의 전략적 비축 자산으로 지정할 것이라고 밝히자 50여 일 만에 비트코인 가격이 7만달러를 터치했다. 그러나 이후 비트코인의 전략적 비축 자산 실현 가능성이 낮다는 분석이 제기되면서 상승분을 내줬다.두 번째 변수는 마운트곡스, 독일 정부 등의 잇단 대량매도 설이다. 마운트곡스는 한때 세계 최대 비트코인 거래소였지만 2014년 벌어진 해킹 사건으로 무려 85만개에 달하는 비트코인을 도난당해 파산했다. 파산 이후 20만개는 회수에 성공해 이 중 14만개 정도가 채권자에게 분배되기 시작했다. 10년 가까이 기다려온 채권자들은 비트코인을 분배받는 즉시 매도할 것으로 점쳐지면서 비트코인 가격이 출렁거린 바 있다. 여기에 독일 정부가 지난 6월부터 한 달 동안 범죄수익으로 회수한 비트코인 약 5만개를 긴급 매도한 것도 시장에 악재로 작용했다.비트코인, 모든 위기에 강하진 않아외부 변수로 휘청이는 비트코인이 중심을 잡으려면 본연의 가치를 인정받아야 하지만 상황은 녹록지 않다. 위기에 강한 비트코인의 속성이 모든 위기에 위력을 발휘하지는 않기 때문이다.디지털 금으로 간주되는 대체 자산 속성은 러시아의 우크라이나 침공 사태 때 주목받은 바 있다. 전쟁으로 자국 내 자산 가치가 위협받을 때 이에 대응할 수 있는 자산이 비트코인이라는 것이다. 이 같은 분위기에 편승해 비트코인 가격은 전쟁 발발 한 달 뒤 13% 상승했다.하지만 이는 자국 내 자산이 전쟁 등 외부 충격에 취약한 경우에만 해당된다. 최근 위기가 고조되고 있는 중동발 긴장은 자국 내 주요 자산인 원유가 외부 충격에 취약하지 않기 때문에 러시아의 우크라이나 침공 때처럼 비트코인에 영향을 미칠 가능성은 낮다.전통 금융 시스템 위기가 역으로 호재인 대안 자산 속성도 현재로서는 주목받기 어려운 상황이다. 지난해 3월 미국 내에서 실버게이트 은행, 실리콘밸리 은행, 시그니처 은행 등이 파산하고 유럽에서 크레디트스위스가 파산을 막기 위해 UBS와 합병하는 사건이 발생하면서 은행 위기에 대한 우려가 치솟았을 때 비트코인은 한 달간 50% 가까이 오른 바 있다. 하지만 경기 침체 우려를 중앙은행의 금리 인하 기대로 해소해야 하는 현 상황은 금융 시스템 위기와는 결이 맞지 않는다.내년 기대되는 네 번째 반감기 효과비트코인의 자산 특성이 외면받으면서 외부 충격에 가격이 일희일비하는 현 상황은 당분간 지속될 것으로 보인다. 트럼프의 친가상자산 정책이 진정성을 의심받으면서 영향력이 낮아지고 있지만 미 대선에서 가상자산이 주요 화두인 것은 여전하기 때문이다. 업계에서는 민주당 대선 후보로 지명된 카멀라 해리스 부통령이 트럼프의 공세에 대응하기 위해 가상자산 업계에 우호적인 제스처를 취할 수 있다고 보고 있다. 가상자산을 두고 벌어지는 두 후보의 정책 대결은 연말까지 계속될 것이다. 그러나 연말 이후에는 지난 4월 시행된 비트코인의 네 번째 반감기 효과가 부상할 것으로 보인다. 반감기가 시행되면 비트코인 채굴자들의 채굴 보상이 절반으로 줄어들어 한동안 채굴산업의 구조조정이 진행되고, 이 과정에서 단기 매도가 나와 가격이 약세를 보이지만 구조조정이 마무리되는 6개월에서 1년 이후에는 보상 감소에 따른 희소성이 부각돼 가격이 급등하는 패턴이 진행됐기 때문이다.지난 4월 이후 미국의 비트코인 채굴 업계는 잇달아 합병을 진행했다. 라이엇플랫폼은 블록마이닝을 인수해 업계 2위로 올라섰고, 비트코인 클라우드 마이닝 업체인 비트디어는 채굴기 제조사 데저위마이너를 약 1800억원에 인수했다. 합병을 통해 몸집을 불리면서 운영 비용을 줄이려는 목적이다. 또 비트코인 채굴에 소요되는 에너지 비용을 절감하는 방안도 모색 중이다. 이 같은 조정이 일단락되고 미국 대선이 종료되는 올해 말, 내년 초에 비트코인 가격은 반감기 효과에 따라 강세를 보일 가능성이 점쳐진다. 해외 가상자산 전문 매체 코인텔레그래프는 유명 트레이더인 피터 브랜트의 발언을 인용해 최근 반감기 이후 비트코인 하락 상황이 2016년 반감기 때와 비슷하다고 보도했다. 브랜트는 ""2016년 7월 반감기 때 비트코인 가격은 650달러 수준이었지만 이후 474달러로 27% 하락한 뒤 2017년 12월에 2만달러까지 치솟았다""며 ""최근 비트코인이 5만달러 아래로 떨어진 것과 비교할 때 유사한 패턴""이라고 밝혔다.[김용영 엠블록 에디터]",https://n.news.naver.com/mnews/article/009/0005347992,101,경제
"""싼 거 산 내 잘못도 있다고?""…소비자도 '티메프' 손실 일부 떠안나",2024.08.09. 오후 4:15,"여행·숙박상품·상품권 등 환불 책임 갈등(서울=뉴스1) 김성진 기자 = 티몬·위메프(티메프) 피해자가 7일 오후 서울 여의도 금융감독원 앞에서 여행상품 환불 지원방안을 촉구하는 릴레이 우산 시위를 진행하고 있다.   최상목 경제부총리 겸 기획재정부 장관은 7일 정부서울청사에서 열린 경제관계장관회의에서 티몬·위메프(티메프) 사태와 관련 ""일반상품에 대한 소비자 환불 절차가 금주 내 완료되도록 노력하겠다""고 밝혔다. 특히 여행·숙박·항공권과 관련해선 오는 9일 집단분쟁조정 신청 접수를 마감하고 다음 주부터 조정 절차를 시작한다. 2024.8.7/뉴스1  Copyright & /사진=(서울=뉴스1) 김성진 기자티메프(티몬·위메프)가 판매한 여행·숙박상품과 상품권 환불 책임을 두고 PG(전자지급결제대행)사와 여행사가 공방을 벌이고 있지만 결국에는 PG사, 카드사, 여행사뿐만 아니라 소비자도 일정 부분 손실을 부담할 것이란 예상이 나오고 있다.9일 금융당국에 따르면 티메프의 여행상품과 상품권 환불에 따른 손실 부담에서 소비자도 일정 부분 책임을 질 수 있다는 전망이 나온다. 현재 여행상품·상품권 환불 책임을 두고 여행사와 PG사, 카드사가 서로 손실을 떠넘기고 있다.여행사는 티메프로부터 판매 대금을 정산받지 못했기에 PG·카드사가 환불을 진행해야 한다는 입장이다. PG사는 소비자가 여행을 가지 못했지만 이미 여행을 확정한 만큼 소비자와 계약을 체결한 것으로 보고 책임을 져야 한다고 주장한다.소비자 책임 여부와 비율 등은 소비자원의 분쟁조정위원회에서 결정될 것으로 보이지만 금융권 안팎에선 소비자도 책임을 피하기 어려울 것이란 예상이 나오고 있다. 소비자원은 환불받지 못한 소비자의 집단분쟁조정 신청을 이날 저녁까지 받는다.소비자도 판매자와 직접 계약을 체결한 당사자인 만큼 일부 책임이 불가피하다는 주장이 나온다. 큰 폭으로 할인하는 상품을 봤다면 소비자가 어느 정도 위험을 의심하고 조심하는 게 필요했다는 주장도 가능하다.금융당국 관계자는 ""손실 분담 비율에서 차이가 나겠지만 결국 판매자와 소비자 모두에게 책임이 있을 것""이라며 ""홍콩H 지수 ELS 사태에서도 투자자에게 100% 손실 배상을 해주진 않았다""고 설명했다.최종적으로 상품 환불에 따른 손실은 카드·여행·PG사와 소비자가 각각 십시일반 해 분담할 것으로 보인다. 현재는 여신전문금융업법에 따라 일차적 책임 주체로 PG사가 지목되는 모양새지만 대승적 차원에서 카드사도 손실 분담에 동참할 가능성이 있다.다만 소비자 책임 여부를 결정하는 소비자원의 분조위 결정까지는 상당한 시간이 소요될 것으로 보인다.소비자원은 2022년 머지포인트 사태의 집단분쟁조정 결정을 발표했는데 신청 접수 이후 결과를 내기까지 약 9개월이 소요됐다. 머지포인트 사태에선 7203명이 분쟁조정을 신청했다. 티메프 환불 관련 분쟁조정 신청은 이날 오전까지 약 7600건 접수돼 이미 머지포인트 사태 규모를 넘었다.게다가 머지포인트 사태에선 당사자들이 분쟁조정 결과를 수용하지 않으면서 결국 민사 소송까지 전개됐다. 머지포인트를 판매한 머지플러스와 함께 11번가나 GS리테일 등 판매업자도 일부 책임을 분담해야 한다는 결과가 나와서다. 이에 머지포인트 사태가 발생한 지 3년이 흘렀지만 아직도 배상받지 못한 소비자들도 있다.",https://n.news.naver.com/mnews/article/008/0005075272,101,경제
"“도와주세요!” 식사 중 기도 막힌 70대, 휴가중 소방관이 구해",2024.08.09. 오후 4:02,"7일 낮 전북 익산시의 한 식당에서 군산소방서 소속 최홍준 소방사가 기도가 막힌 70대에게 하임리히법을 실시하고 있다. 전북특별자치도소방본부 제공휴가 중이던 소방관이 식당에서 밥을 먹다가 기도가 막힌 70대를 구했다.9일 전북특별자치도소방본부의 설명을 들어보면, 7일 낮 12시40분께 전북 익산시의 한 식당에서 70대 ㄱ씨가 식사 중에 기도가 막히는 사고가 발생했다.7일 낮 전북 익산시의 한 식당에서 군산소방서 소속 최홍준 소방사가 기도가 막힌 70대에게 하임리히법을 실시하고 있다. 전북특별자치도소방본부 제공이 상황을 목격한 식당 직원이 “도와주세요”라고 외치자, 휴가를 내고 딸과 함께 식당을 찾은 군산소방서 소속 최홍준(37) 소방사가 ㄱ씨에게 달려갔다. ㄱ씨는 기도가 막혀 호흡이 곤란한 상태였으며 얼굴이 하얗게 변했던 것으로 전해졌다.7일 낮 전북 익산시의 한 식당에서 군산소방서 소속 최홍준 소방사가 기도가 막힌 70대에게 하임리히법을 실시하고 있다. 전북특별자치도소방본부 제공최 소방사는 주변 손님에게 119에 신고해 달라고 요청하고, 곧바로 하임리히법을 실시했다. 하임리히법은 환자의 배를 뒤에서 양팔로 감싸 안은 뒤, 위로 밀쳐 올려서 이물질을 빼내는 응급처치법이다. 1분여간의 응급처치 끝에 기도를 막고 있던 음식물이 빠져나왔고 ㄱ씨의 상태는 빠르게 호전됐다.신고를 받고 출동한 119구급대는 병원으로 ㄱ씨를 이송하려 했지만 ㄱ씨는 거부했다. 혈압과 체온 등을 확인한 구급대는 이상 징후가 없다고 판단해 보호자와 통화한 뒤 ㄱ씨를 귀가 조처했다.최홍준 소방사최 소방사는 “딸과 시간을 보내던 중 이런 일을 겪어 놀랐지만 무사히 해결해 다행”이라며 “평소 응급처치 훈련을 한 덕분에 비상 상황에 대처할 수 있었다”고 말했다.최 소방사는 2022년 1월 구조특채로 임용된 뒤 군산 비응119안전센터에서 근무하고 있다.■ 올바른 하임리히법은?하임리히법은 기도 막힘 증상을 호소하는 환자를 뒤에서 감싸 안고 명치 끝과 배꼽 사이를 주먹을 쥔 채 힘껏 밀어 기도에 걸린 이물질을 밖으로 내보내는 기도 폐쇄 응급처치법이다. 환자를 뒤에서 감싸 안을 땐 환자 양발 사이에 발 하나를 두고, 주먹을 쥘 땐 엄지가 안쪽으로 향하게 한다. 밀어내는 방향은 머리 방향으로 하면 된다. 등 두드리기 5번과 복부 밀어내기 5번을 반복한다.",https://n.news.naver.com/mnews/article/028/0002702104,102,사회
"10년간 225억 비자금 조성 의약품 판매대행업체, 세무공무원 덜미",2024.08.09. 오후 4:05,"재판 중 공인회계사와 자료 조작해 처벌 면탈…공무원에 뇌물까지대행업체 대표이사·상무·국세청 팀장 등 구속기소압수수색 현장에서 발견된 현금다발. (서울중앙지검 제공)(서울=뉴스1) 정재민 기자 = 10년간 하위 판매대행업체와 공모해 가공 거래로 약 225억 원 상당의 비자금을 조성한 의약품 판매대행업체 경영진과 이 과정에서 부당 청탁으로 약 3억 원을 받은 공인회계사, 8000만 원을 받은 세무공무원 등이 검찰에 덜미를 붙잡혔다.서울중앙지검 조세범죄수사부(부장검사 이진용)는 횡령, 배임 등 혐의로 A 회사 대표이사 최 모 씨, 위계공무원집행방해 혐의 등으로 A 사 상무 김 모 씨를 구속 기소하는 등 총 20명을 기소했다고 9일 밝혔다.최 씨는 지난 2014년 8월부터 지난 3월까지 거래 상대방과 가공 거래를 통해 법인자금을 유출한 뒤 수수료 등을 제외한 나머지 현금을 반환받는 방법으로 비자금 약 225억 원을 조성해 임의로 유용한 혐의를 받는다.김 씨는 지난 2019년 11월부터 지난해 9월까지 실질거래 증빙자료를 조작, 제출하는 방법으로 과세당국의 세무조사를 방해한 혐의다.A 사는 이 과정에서 세무 대리인으로 위촉한 공인회계사 B 씨에게 세무 조사를 무마해달라는 청탁과 함께 2억 9000만 원을 건넸다.B 씨는 돈을 받은 뒤 8회에 걸쳐 세무조사를 방해한 데 이어 코스닥 상장사를 동원해 허위 세금계산서를 발급하는 등 16억 원 상당의 허위 세금계산서를 발급해 공인회계사법 위반, 위계공무집행방해, 조세범처벌법 위반 등 혐의로 불구속 기소됐다.지방국세청 팀장인 조 모 씨는 B 씨에게 '세무조사를 원만히 종결해달라'는 명목으로 8000만 원을 받아 뇌물 등 혐의로 구속 기소됐고, 전직 세무공무원이던 김 모 씨 역시 B 씨로부터 5400만 원을 받아 알선 수재 등 혐의로 구속 기소됐다.특히 A 사 경영진들은 B 씨와 함께 처방전 실적 통계표 등 증거 자료를 조작해 제출하는 방법으로 국세청 및 세무서 세무조사에서 단 한 차례도 가공거래 혐의로 적발되지 않은 것으로 나타났다.아울러 이들은 세무조사 확대를 막기 위해 검찰과 법원에 조작 증거를 제출하고 위증해 2건의 형사 재판과 1·2심에서 모두 무죄 선고를 받기도 했다.검찰 관계자는 ""불법적인 가공거래를 통한 비자금 조성 및 조세 포탈 범행은 중대범죄로 향후에도 엄정하게 대응해 조세비리 사범 근절을 위해 최선을 다하겠다""고 했다.",https://n.news.naver.com/mnews/article/421/0007721395,102,사회
연제구 아파트서 298세대 정전… 한여름 주민 불편 가중,2024.08.09. 오후 4:13,"부산 지역에 폭염이 이어지는 가운데, 연제구의 한 아파트에서 정전이 발생해 일대 주민이 불편을 겪었다.부산시청 전경. 국제신문 DB9일 부산시는 전날 오후 4시37분께 부산 연제구 연산동의 한 아파트에서 정전이 발생했다고 밝혔다. 이번 정전으로 아파트 등 298세대에 전력 공급이 끊겨 폭염 속 일대 주민이 큰 불편을 겪었다. 부산은 현재 22일째 폭염특보가 이어지고 있다.아파트 측은 비상 발전기를 가동해 9일 새벽 1시께 엘리베이터 등 일부 시설에 전력을 재공급했다. 그러나 이 같은 임시 조치 외에 전면적인 전력 복구는 아직 완료되지 않은 상태다.시에 따르면 이번 정전은 아파트 자체 설비가 노후화돼 발생한 것으로 추정된다. 한여름 각종 냉방기기 사용이 증가하며 전력 사용이 늘어난 것도 영향을 미친 것으로 분석된다. 시 관계자는 “정확한 정전 발생 원인을 조사 중이다. 아파트 자체 설비가 이번 정전의 원인으로 분석돼 아파트 측에서 전력 복구를 시도하고 있다”며 “구체적인 사고 경위를 조사 중”이라고 설명했다.",https://n.news.naver.com/mnews/article/658/0000080799,102,사회
‘10년 간 수백억 비자금 조성’…의약품 유통사·세무공무원 무더기 기소,2024.08.09. 오후 4:01,"가공거래 통해 10년간 225억 비자금 조성세무공무원에 금품 주며 무마경영진·세무공무원 20명 재판에압수수색 당시 발견된 현금 뭉치. 사진 제공=서울중앙지검[서울경제]검찰이 국내 중견 의약품 판매대행업체 P사가 10년 간 가공거래를 통해 수백억원대 비자금을 조성하고 조세를 포탈한 사실을 적발하고 경영진을 재판에 넘겼다. 이들로부터 금품을 받은 전·현직 세무공무원들도 함께 기소됐다. 한 중견기업의 계열사인 P사는 치밀한 방법으로 회사 설립과 동시에 비자금을 조성하고 조세를 포탈했는데 이 과정에서 일부 세무공무원들은 적극적으로 금품을 요구하는 등 공무원들의 일탈도 확인됐다.9일 서울중앙지검 조세범죄조사부(이진용 부장검사)는 중견 의약품 판매대행 업체 P사의 경영진과 공인회계사, 가공거래업체 대표 등 9명을 기소하고 법인 6개도 함께 기소했다. P사의 대표이사 ㄱ씨(63)와 상무인 ㄷ씨(48)는 구속기소됐다.ㄱ씨는 2014년 8월부터 올해 3월까지 10년 간 거래상대방과 가공거래를 통해 법인 자금을 유출하고 수수료를 제외한 나머지 현금을 반환받는 방법으로 225억 원 규모 비자금을 조성하고 임의로 유용해 특정경제범죄가중처벌 등에 관한 법률상 횡령·배임 혐의가 적용됐다. ㄷ씨 역시 2019년 11월부터 지난해 9월까지 실질거래 증빙자료를 조작, 제출하는 방법으로 과세당국의 세무조사와 형사재판 등을 방해해 위계 공무집행방해 등 혐의를 받는다. 코스닥 상장사 I사 부사장인 공인회계사 ㅇ씨(48)는 P사의 세무대리인으로 위촉된 후 세무당국의 세무조사를 무마해달라는 부정한 청탁을 받고 2억 9000만 원을 수수하고 8회에 걸쳐 세무조사를 방해한 것으로 확인됐다. 2020년 1월부터 지난해 12월 P사의 비자금을 조성해 줄 목적으로 I사를 동원해 허위 세금계산서를 발급하는 등 합계 16억 원 상당의 허위 세금계산서를 발급한 혐의도 있다.이들은 전·현직 세무공무원들에 대한 전방위적인 로비도 했다. 세무공무원과 전직 세무공무원인 세무사 등이 P사에 대한 세무조사를 하자 ㅇ씨는 조사 무마 명목으로 금품을 제공한 것으로 알려졌다. 이에 검찰은 금품을 받은 전·현직 세무공무원 5명을 기소하고 수수한 금품에 대한 추징보전도 의뢰했다. 국세청 팀장 ㅊ씨(54)는 P사의 세무조사를 원만히 종결해 달라는 명목으로 ㅇ씨 등으로부터 합계 8000만 원을 수수했다. 이밖에 다른 국세청 공무원들도 500만 원에서 5400만 원까지 금품을 받은 혐의를 받고 있다.검찰은 수사 과정에서 전·현직 세무공무원들이 심각한 도덕적해이를 발견했다. 검찰 관계자는 ""P사의 세무조사를 담당하거나 이를 알선했던 일부 세무공무원들은 적극적으로 금품을 요구하거나 세무조사 대상자에게 내부 조사 정보를 유출하는 사례를 확인했다""고 했다. 서울중앙지검은 ""조세 관련 기업범죄 수사에 있어 엄정하게 대응하겠다""고 밝혔다.",https://n.news.naver.com/mnews/article/011/0004378277,102,사회
"유영철 검거 도운 '추격자' 실존 인물, 마약 매매 혐의 체포",2024.08.09. 오후 3:59,"[전주MBC 자료사진]연쇄살인범 유영철의 검거를 도와 영화 '추격자'의 주인공 모델이 된 남성이 마약 판매 혐의로 체포됐습니다.서울 송파경찰서는 지난 7일 필로폰을 판매한 혐의(마약류관리법 위반)로 A 씨(51)를 한 숙박업소에 체포했다고 오늘(9일) 밝혔습니다.A 씨는 2008년 개봉한 영화 '추격자'에서 김윤석이 연기한 '엄중호(김윤석)'의 모델입니다.추격자에서 연쇄살이범 지영민(하정우)에게 “야, 4885 너지?”라고 외치는 엄중호가 A 씨를 모티브로 한 인물입니다.실제 A 씨는 강남의 출장 마사지 업소 사장으로 있던 2004년 당시 자신의 업소 여종업원이 실종되자 경찰에 신고하고 자신도 직접 추적에 나섰습니다.수소문 끝에 그는 그해 7월 서울 서대문구에서 다른 업주들과 함께 유영철을 붙잡아 2천500만 원의 포상금을 받았습니다.이후 A 씨는 마약 중독자가 되어 여러 차례 수감 생활을 반복했습니다.2015년에도 마약 매매·투약 혐의로 징역 3년을 선고받았습니다.A 씨 측은 당시 재판에서 ""유영철 사건의 트라우마에 시달려 마약을 끊지 못했다""고 호소했습니다.경찰은 A 씨에 대한 구속영장을 신청한 상태로 구체적 범행 경위와 마약 투약 여부 등을 조사할 방침입니다.",https://n.news.naver.com/mnews/article/659/0000024294,102,사회
"[날씨] '습식 사우나' 같아요...푹푹 찌는 도심, 서울 34℃",2024.08.09. 오후 2:01,"[앵커]오늘도 찜통 같은 더위가 기승을 부리면서 체감 온도가 크게 치솟고 있습니다.더위 속 서울 도심의 모습은 어떤지, 명동과 경복궁에 나가 있는 중계팀 연결해 알아보겠습니다.먼저 명동으로 가보겠습니다. 이혜민 캐스터, 지금 도심 거리는 얼마나 더운가요?[캐스터]네, 현재 서울 기온은 32도를 넘어섰는데요, 최고 체감온도는 동작구가 벌써 36도 가까이 치솟았고, 이곳 중구도 33도를 나타내고 있습니다.10분 이상 서 있으면 바로 땀이 나기 시작하는데요 마치 '습식 사우나'에 들어온 듯합니다.앞으로 기온은 기온이 34도까지 치솟으며 어제보다 더 덥겠습니다.주말을 앞두고 지금 명동은 더욱 많은 시민들로 북적이고 있는데요, 대부분 휴대용 선풍기와 양산을 들고 있는 모습입니다.습도와 자외선 지수 모두 높으니까요, 오늘 나오실 때는 통풍이 잘되는 시원한 옷차림과 함께, 모자나 양산도 챙기시는 게 좋겠습니다.그럼 폭염 상황부터 자세히 알아보겠습니다.현재 강원 일부 지역과 제주 산간을 제외한 전국에 '폭염특보'가 발효 중인 가운데,서울엔 열흘째 '폭염경보'가 이어지고 있습니다.낮 동안 체감 35도 안팎의 찜통더위가 이어지겠습니다.오늘 한낮 기온은 서울과 대전, 광주 34도, 대구는 35도 예상됩니다.치솟는 기온에 대기 불안정이 심해지며 소나기가 내리는 곳도 있습니다.제주도는 오늘 오후까지 최고 60mm, 강원 산간과 남부 지방은 저녁까지 5~40mm가 예상됩니다.지역별로 강수 편차가 크겠고요, 벼락과 돌풍을 동반하며 한꺼번에 20mm씩 쏟아지는 곳도 있겠습니다.계곡이나 하천 인근에서는 급격한 수위 상승에 유의하셔야겠습니다.이번 주말과 휴일에도 열대야와 찜통더위는 계속 되겠는데요.서울은 주말 사이, 연속 열대야 일수가 역대 3위 안에 들 가능성도 있습니다.또, 내일은 서울 등 서쪽 지방을 중심으로, 모레는 경기 북부와 강원 북부에 요란한 소나기가 지날 전망입니다.밤낮없는 무더위는 다음 주, 말복과 광복절 이후에도 계속되겠습니다.길게 이어지는 폭염에, 누적 온열 질환자 수는 2천 명을 넘어섰습니다.이번 주말 야외활동 계획하셨다면, 틈틈이 휴식 취하시는 거 잊지 마셔야겠고요. 땀을 많이 흘렸다면 염분과 미네랄이 풍부한 이온음료로 수분 보충해주셔야겠습니다.※ '당신의 제보가 뉴스가 됩니다'[카카오톡] YTN 검색해 채널 추가[전화] 02-398-8585[메일] social@ytn.co.kr",https://n.news.naver.com/mnews/article/052/0002072209,103,생활/문화
"""중년엔 적게 먹어야 좋다?"" 무엇을 먹을까...최악의 식습관은?",2024.08.09. 오후 2:03,"소식 자체보다 음식 종류가 중요밥상에서 탄수화물-지방-단백질 비율을 생각하는 사람은 건강에 신경 쓰는 사람이다. [사진=게티이미지뱅크]중년이 되면 남녀 모두 살이 찐다. 특히 여성은 갱년기 호르몬의 변화로 뱃살이 나올 수 있다. 젊을 때처럼 과식을 자주 하면 체형은 더 두툼해진다. 몸의 변화가 심한 중년은 식습관이 무엇보다 중요하다. 어떻게 먹어야 할까? 노년이 돼도 적게 먹는 게 좋을까?탄수화물,지방,단백질에 변화를... ""소식 자체보다 음식 종류가 중요""중년 이상이 되면 사실상 과식 자체가 어렵다. 노화로 소화액, 췌장액 등이 줄어 많이 먹으면 몸이 부대낄 수 있다. 비만과 혈관병을 일으키는 밀가루 음식, 쌀밥, 흰빵을 잡곡 위주로 바꾸고 고기 비계에 많은 동물성지방 대신 불포화 지방산이 많은 가금류(닭, 오리고기 등), 콩류, 견과류를 자주 먹는 게 좋다. 채소-과일도 소금에 절인 것보다 생채소가 더 좋다. 단 음식도 줄여야 한다.암 환자의 절반이50~60대... ""이 시기를 잘 보내야""식습관의 변화는 40대부터 시작하는 게 좋다. 50~60대도 늦은 것은 아니다. 음식 선택도 중요하지만 조리 방식을 바꿔야 한다. 중년들이 젊을 때는 적었던 굽거나 튀긴 음식이 너무 많이 늘었다. 예전에 드물었던 대장암이 폭발적으로 증가한 것은 동물성지방 과다 섭취 외에 조리 방식도 큰 영향을 미치고 있다. 2021년에만 3만 2751명의 신규 환자가 발생, 전체 암 1~2위권이다. 단백질 섭취를 위해 고기도 먹되 예전처럼 삶아서 수육 형태로 먹는 게 좋다.식사 중탄수화물-지방-단백질 비율 생각하면... ""건강수명 보인다""국민영양조사 통계를 보면 매번 탄수화물 과다 섭취가 문제다. 쌀밥에 김치, 짠 국물 음식 위주다. 탄수화물: 단백질: 지방 비율이 66%: 15%: 19%로 탄수화물 비율이 높고 지방 비율이 낮은 편이다. 중년에 뱃살이 너무 나왔다면 탄수화물을 55% 정도 줄이고 잡곡을 많이 섞는 게 좋다. 밥상에서 탄수화물-지방-단백질 비율을 생각하는 사람은 건강에 신경 쓰는 사람이다.노인 가운데 노쇠가 특히 빠른 사람은?왜?노인이 되면 소화액이 더 줄어 많이 먹지 못한다. 장수 노인들이 소식을 강조하는 것은 몸의 변화 때문이기도 하다. 노인의학 분야 국제 학술지(Experimental gerontology)의 논문에 따르면 한국 노인 2072명(70∼84세) 가운데 사별 등으로 인해 혼자 식사하는 사람들(특히 남성)은 노쇠 발생 위험이 61% 높았다. 적게 먹는 데다 밥-김치 등 탄수화물 위주의 식단이 많기 때문이다.결론을 말하면 중년-노년 모두 자신의 신체 활동량에 맞게 식사량을 조절하는 게 좋다. 뱃살이 많이 나온 중년이라면 탄수화물-지방 섭취량을 관리해야 한다. 노년은 잘 먹는 게 중요하다. 기력이 떨어지면 낙상 사고 등의 위험도 높다. 밥상에서 밥-달걀-콩-생선-삶은 고기-채소의 비율을 생각하는 사람은 건강수명을 누릴 가능성이 높다.",https://n.news.naver.com/mnews/article/296/0000080697,103,생활/문화
뇌졸중 후 6개월 지나면…‘짧고 격렬한 운동’이 더 좋다?,2024.08.09. 오후 4:11,"고강도인터벌운동(HIIT) 12주 했더니…중간 강도의 운동에 비해 ‘심폐체력’ 2배 껑충뇌졸중을 겪은 나이든 남성이 근력운동을 하고 있다. 뇌졸중 후 6개월이 지났다면 고강도인터벌운동(HIIT)으로 '유산소 체력'을 크게 높일 수 있다. 물론 전문가 도움이 필요하다. [사진= 게티이미지뱅크]뇌졸중을 일으킨 뒤 6개월이 지났다면 중간 강도의 운동을 꾸준히 하는 것보다는, 높은 강도의 운동을 짧고 격렬하게 하는 게 훨씬 더 효과적이라는 연구 결과가 나왔다.캐나다 맥마스터대 연구팀은 뇌졸중을 일으킨 지 6개월~5년 지난 사람 82명을 대상으로 12주 동안 수행한 임상시험 결과 이같이 나타났다고 밝혔다. 이들 뇌졸중 생존자에게 적용된 높은 강도의 짧고 강렬한 운동은 고강도인터벌운동(HIIT)이다. 이 운동은 1분 간격의 고강도 운동 10회와 1분 간격의 저강도 운동 9회 등 총 19분으로 이뤄졌다. 이에 비해 중간 강도의 운동은 20~30분간 같은 강도로 꾸준히 운동하는 방식이다.연구 결과에 따르면 고강도인터벌운동을 한 사람은 중간 강도의 운동을 꾸준히 한 사람에 비해 심폐체력(유산소 체력, 최대 운동 때 소비되는 산소량)이 약 2배 더 높아지는 것으로 나타났다. 또한 임상시험 초기에 이들의 보행지구력(6분 동안 걷는 거리)은 355m였으나, 12주 후 8m가 증가했고 8주 동안의 추적관찰 뒤엔 18m가 증가한 것으로 확인됐다.연구의 책임 저자인 케빈 몬시온 박사(물리치료)는 ""뇌경색, 뇌출혈 등 뇌졸중을 겪은 사람도 전문가 도움을 받으면, 안전하고 효과적인 고강도인터벌운동으로 건강을 더 빨리 개선하고 회복도 앞당길 수 있다""고 말했다.연구팀은 참가자 82명(40~80세, 남성이 약 61%)을 두 그룹으로 나눠 12주 동안 임상시험을 진행했다. 이들은 약 1.8년 전(평균)에 뇌졸중으로 비교적 가벼운 장애를 겪었다. 연구팀은 한 그룹(실험군)에는 주 3일씩 고강도인터벌운동을, 다른 그룹(대조군)에는 주 3일씩 중간 강도의 운동을 하게 했다.참가자는 뇌졸중 생존자들이 고강도로 운동할 수 있는 기구, 즉 적응형 리컴번트 스텝퍼(Recumbent Stepper)를 이용했다. 리컴번트는 '누워 타는 자전거'라는 뜻이다. 임상시험 중 피로감, 숨가쁨, 근육통, 경련, 어지러움 등 부작용을 호소한 참가자는 없었다. 이 연구의 한계는 참가자가 신체적으로 심장병 위험이 낮은 뇌졸중 생존자라는 점이다. 참가자 자격 요건에는 지팡이나 보행기를 사용할 수 있지만, 다른 사람의 도움 없이 10m를 걸을 수 있는 능력이 포함됐다.미국심장협회의 심장병 및 뇌졸중 통계(2021년 기준)에 따르면 매년 세계에서 약 744만명이 뇌졸중으로 숨진다. 국내에선 매년 10만 명 이상이 뇌졸중을 일으킨다. 질병관리청의 '심뇌혈관질환 발생통계(2011~2021)'를 보면 2021년 뇌졸중 발생 환자는 10만8950명이었다. 10년 전에 비해 9.5% 늘어난 수치다.연구의 교신 저자인 아다 탕 교수(재활의학과)는 ""러닝머신에서 충분히 빨리 걷거나 오래 걸을 수 없는 사람도 적응형 리컴번트 스텝퍼를 이용해 고강도인터벌운동을 할 수 있다""고 말했다. 그는 ""시간 효율적인 고강도인터벌운동 프로그램을 조사한 최초의 무작위 시험""이라고 덧붙였다. 연구팀은 앞으로 신체기능에 더 심한 장애가 있고 심장병 위험이 있는 뇌졸중 생존자를 조사할 계획이다.이 연구 결과(Cardiorespiratory Fitness Benefits of High- Intensity Interval Training After Stroke: A Randomized Controlled Trial)는 미국심장협회 산하 미국뇌졸중협회 저널인 ≪뇌졸중(Stroke)≫에 실렸다.",https://n.news.naver.com/mnews/article/296/0000080704,103,생활/문화
빠르고 안전한 ‘캐스퍼’… 작은 車 한계 기술로 극복,2024.08.09. 오후 1:52,"전기자동차로 거듭난 ‘캐스퍼’가 빠르고 조용해졌다. 편의 사양도 차급을 뛰어 넘는 수준으로 개선됐다. 특히 동급 차량에선 보기 힘든 가속페달 오작동 방지 장치까지 넣어 안전성 확보에 심혈을 기울였다. 기존 차체 크기의 한계를 디자인으로 극복해 공간 활용성을 높인 것도 장점으로 꼽힌다.지난 6일 현대차는 서울 강남구 봉은사로 한 건물에서 ‘캐스퍼 일렉트릭 테크 토크’ 행사를 열었다. 캐스퍼에는 현대차 최신 기술 역량이 다각도로 반영됐는데, 각 분야 연구진들이 직접 개발 과정을 공유하며 신차 이해도를 높였다.캐스퍼는 전임 문재인 대통령의 광주형일자리 사업의 결과물로 주목을 받은 차다. 지난 2021년 문 전 대통령이 차량을 구입하며 직접 홍보에 나서기도 했다.이번 캐스퍼 일렉트릭은 전장이 길어졌다. 캐스퍼 내연기관의 전장이 3595mm였는데, 전기차는 3825mm(+230mm)다. 경차 요건인 3.6m를 넘어섰다. 따라서 캐스퍼 일렉트릭은 경형 전기 SUV가 아니라 콤팩트 전기 SUV가 된다.또한 캐스퍼 일렉트릭은 여유로운 도심주행이 가능한 315km의 1회 충전 주행가능거리를 확보했다. 가격은 세제혜택 후 2990만 원부터 책정될 가능성이 높다. 정부 및 지자체 보조금을 고려할 경우 2000만 원 초중반대의 실구매가를 추정할 수 있다. 49kWh의 NCM 배터리를 탑재했고, 30분만에 배터리 용량 10%에서 80%까지 충전이 가능하다.캐스퍼 개발을 주도한 정헌구 MSV프로젝트3팀 책임연구원은 ”캐스퍼 내연기관 모델 출시 이후 소비자들의 불만의 소리를 귀담아들었다“며 ”가장 많은 비중이 부족한 동력 성능과 실내 장치의 저가형 소재“라고 말했다. 이어 ”캐스퍼 일렉트릭으로 상품성의 획기적 개선이 필요했다“며 ”그 결과 1회 충전 주행 가능 거리 315km를 달성한 동력 시스템, 증대된 휠베이스를 바탕으로 넓어진 공간효율성, 차별화된 전기차 사용성 제공 등의 상품성을 구성할 수 있었다”고 덧붙였다.주행거리 확보는 캐스퍼 일렉트릭의 중점 사안이었다. 도심과 근교 주행을 충전 걱정 없도록 300km 이상을 확보해야하는 게 연구진들의 의견이었다. 지정훈 MSV엔지니어링솔루션팀  책임연구원은 “전장이 길어지면서 경차 혜택을 놓치기는 했지만 그 대신 친환경 전기차 혜택과 300km 이상의 최대 주행거리, 그리고 쾌적한 실내 공간을 얻었다”고 말했다.늘어난 휠베이스 덕분에 뒷좌석 공간이 넓어지는 효과도 봤다 하부에 배터리가 탑재되기 때문에 후석 탑승자의 레그룸 확보가 필요했고, 이를 위해 착좌 위치를 뒤로 80mm 옮겼다. 그러고도 남은 100mm는 러기지 공간에 돌렸다. 이에 따라 적재 공간은 47ℓ 커진 280ℓ의 용량을 확보했다(VDA 기준). 후석 시트를 앞으로 전부 밀면(앞뒤 최대 80mm) 최대 351ℓ까지 확보할 수 있다.앞좌석은 신기술을 투입하고 설계를 변경해 거주성과 사용성을 높이는 방향으로 개선했다. 기계식 자동 변속 레버 대신 컬럼식 변속 레버(SBW)를 운전대로 옮겼고, 여기서 확보된 센터페시아 공간에 스마트폰 무선 충전기와 V2L을 탑재했다.센터페시아는 돌출된 양을 45mm 줄여 조수석으로 타고 내릴 수 있는 워크 쓰루 공간을 개선했다. 컵홀더도 사이즈를 키우고 센터 암레스트에 방해받지 않도록 위치를 앞쪽으로 당겼다.캐스퍼 일렉트릭의 외관 디자인에는 ‘현대차 EV 라인업’의 패밀리룩을 위해 ‘레이저 패터닝’이라는 정교한 디자인 공법이 투입됐다. 레이저 패터닝(에칭) 공법은 표면을 레이저로 태워 이미지 또는 각인을 새기거나 표면을 박리(부분적으로 떨어뜨림)시키는 기술이다. 현대차 모델 중에는 아이오닉 5의 가니시 히든 라이팅을 비롯해 팰리세이드의 리어 램프, 그랜저 및 코나의 심리스 호라이즌 램프 등에 이 기술이 사용됐다.아이오닉 5로부터 시작된 현대차 EV 라인업에는 공통적으로 ‘픽셀 그래픽’이 들어가 있다. 크고 작은 사각의 점들을 이어 하나의 선처럼 보이게 만든 디자인을 말한다. 픽셀 그래픽은 캐스퍼 일렉트릭에도 빠뜨리지 않고 넣었다. 전면과 후면의 조명장치에 이 정교한 기술을 넣어 ‘EV 패밀리룩’을 따르게 했다.특히 현대차는 캐스퍼에 페달 오조작 안전보조(이하 PMSA) 기술을 탑재해 경쟁력을 크게 높였다. 캐스퍼 일렉트릭의 PMSA는 전후방 1m 이내에 장애물이 있을 때에만 작동한다. 예를 들어 전방 1m 앞에 다른 차량이 있는데도 운전자가 가속 페달을 갑자기 깊숙하게 밟을 때 차는 이를 운전자의 오조작으로 판단한다. 이 경우 캐스퍼 일렉트릭은 구동력 및 제동력을 제어하 충돌을 방지한다.ADAS 기술 중 주차 충돌방지 보조(PCA) 기능과 유사해 보이지만, 가속 페달을 일정 속도 이상으로 밟을 때 작동한다는 점이 다르다.PMSA는 정차 또는 정차 후 출발시, 조향각 430° 이하, 25도 이하의 구배(지면 기울기)의 경우에만 작동한다. 장애물과의 거리에 따라 1차(1m 이내)로 구동력을 0에 가깝게 제어하고, 거리가 가까워지면 2차(60cm 이내)로 유압 제동을 제어해 충돌을 방지한다.하정우 차량구동제어팀 책임연구원은 “ADAS 제어기 또는 BCM이 장애물에 대한 초음파 신호를 받아 차량 구동 제어기인 VCU에서 장애물의 거리를 판단한다”며 “현재 캐스퍼 일렉트릭에 들어간 초음파 센서가 1M 거리의 장애물을 인식할 수 있기 때문”이라고 말했다.다만 캐스퍼 일렉트릭의 PMSA는 아직은 매우 제한적 조건에서만 작동한다. 일상 주행 중 가속 페달 오조작을 막을 수 있는 장치는 아니다. 그럼에도 불구하고 캐스퍼 일렉트릭의 PMSA는 ‘페달 오조작 방지 보조’를 시작했다는 점에서 의미가 있다. 고령 운전자의 경우는 실제 1미터 이내 페달 오조작 사례가 많다고 한다.하정우 차량구동제어팀 책임연구원은 “우리는 이미 PMSA 2.0을 연구하고 있다. 장애물 감지 거리를 확대해 안정적인 정차가 가능하도록 개발 중이다”고 말했다. 차차 일상 주행 중에 발생하는 가속 페달 오조작 사고도 미연에 방지할 수 있을 것으로 보인다.현대차가 캐스퍼 일렉트릭에 PMSA를 적용한 이유는 세계적으로 고령 운전자에 대한 법규를 강화하려는 움직임이 일고 있기 때문이다. UN 산하 유럽 경제 위원회(UNECE)는 내년 6월 정차 중 페달 오조작에 대한 안전 기능을 법규(ACPE)로 제정할 예정이다. 현대차는 이 법규에 선제적으로 대응하기 위해 캐스퍼 일렉트릭부터 PMSA를 넣었다. 주력 소비자층인 사회 초년생이 운전에 서툰 경우가 많다는 점도 고려했다.현대차가 중점적으로 공들인 것은 승차감 개선이다. 특히 PE 시스템을 차체에 고정하는 체결 부품인 마운트에 일반적으로 쓰이는 고무 소재의 부싱보다 충격 흡수 능력을 강화한 하이드로 부싱을 선택했고, 동급 모델에서 주로 사용된 밸브보다 한 차원 높은 튜닝 자유도를 가진 어드밴스드 밸브를 앞뒤 쇽업소버에 사용했다.NVH 성능을 높이기 위해서는 플로어 패널 곳곳에 최적의 효과를 낼 수 있도록 위치와 면적을 개선한 제진재를 투입했다. 뒷바퀴에서 발생하는 소음을 줄이기 위해서는 리어 휠가드의 면적을 키웠고, 8.5mm의 러기지 보드를 사용했다.PE시스템에서 발생하는 고주파 소음이 실내로 유입되는 경로를 분석해 소음을 저감하는 설계도 반영됐다. PE 시스템에서 발생하는 고주파음이 후드 양끝 상단 부위를 통해 실내로 유입되는 양이 많다는 점을 파악했고, 이 부위에 별도의 흡차음재를 추가로 사용해 고주파 소음을 효과적으로 억제할 수 있었다.캐스퍼 일렉트릭의 배터리는 LG 엔솔과 합작 법인에서 공급하는 셀을 사용한다. 30만km의 주행 테스트를 거치는 등 안전한 배터리를 위한 노력을 기울였다는 게 현대차 개발진의 설명이다.",https://n.news.naver.com/mnews/article/020/0003581072,103,생활/문화
"대웅제약, 신약 앞세워 실적 만병통치… “역대 최대 실적에 수익성까지 최고”",2024.08.09. 오후 2:09,"2분기 매출 3255억·영업이익 496억 원영업이익 전년比 37.1%↑… 영업이익률 15.2%나보타·펙수클루·엔블로 삼총사 실적 견인자체 품목 앞세워 최대 실적에 재무구조 안정화나보타 수출 비중 증가… 우호적인 환율 효과도해외 파트너사 에볼루스도 2분기 역대 최대 실적대웅제약 나보타(에볼루스 주보)대웅제약은 올해 2분기 별도기준 매출 3255억 원, 영업이익 496억 원의 경영실적을 거뒀다고 9일 발표했다. 전년 동기 대비 매출은 6.0% 늘었고 영업이익은 37.1% 증가한 수치다. 매출과 영업이익 모두 분기 기준 역대 최대 실적이다. 특히 매출 증가율을 크게 웃도는 영업이익 성장률로 전반적인 수익성도 대폭 개선됐다. 영업이익률 역시 15.2%로 역대 최대다.자체 개발 신약 판매와 처방이 본격화되고 마진이 크고 수출 비중이 높은 보툴리눔 톡신 ‘나보타’의 미국 판매 호조가 대웅제약 전체 실적 개선 흐름으로 이어졌다. 수출 비중이 80% 이상으로 알려진 나보타는 세계 최대 시장인 미국에서 꾸준한 성장세를 보이고 있는데 여기에 우호적인 환율 효과까지 더해져 전체 수익성 개선에도 긍정적인 영향을 미쳤다.참고로 나보타 현지 파트너사인 ‘에볼루스(Evolus)’ 역시 이번 분기 역대 최대 실적을 기록했다. 나보타사업에 의한 실적 성장세는 한동안 지속될 것으로 보인다. 에볼루스는 최근 호주 시장에서 나보타 판매를 시작했다. 미국에서 주요 톡신으로 자리매김한 나보타가 다른 국가로 영역 확장에 박차를 가하는 모습이다.대웅제약은 나보타와 함께 신약 펙수클루와 엔블로 등 자체 제품 비중 확대를 꾀하고 있다. 모두 국내를 넘어 해외 수출까지 이뤄지는 자체 개발 품목이다. 대웅제약의 자체 제품 비중과 수출 확대 전략이 수익성이 크게 개선된 실적과 재무구조 안정화로 가시화되고 있다는 평가다.대웅제약 역시 나보타(수출명 주보 등) 성장 요인으로 해외 무대를 꼽았다. 2분기에는 나보타 해외 매출 비중이 전체의 85% 수준으로 올라섰다고 한다. 미국 식품의약국(FDA)으로부터 ‘바이오신약’으로 승인 받은 나보타는 미국 시장 안착에 이어 유럽에서 70% 규모 시장을 형성하고 있는 영국과 독일, 이탈리아, 오스트리아, 스페인 등 5개국에도 연이어 출시됐다. 최근에는 호주를 비롯해 오세아니아 시장 공략을 본격화했다.대웅제약 본사국내 34호 신약으로 선보인 P-CAB 계열 위식도역류질환 치료제 펙수클루는 작년 2분기 대비 165% 성장한 332억 원의 매출 실적을 기록했다. P-CAB 계열 위식도역류질환 치료제 시장에서 가장 높은 성장률을 기록하면서 위장약 시장 패러다임을 변화시키고 있다는 평가다. 성장세는 하반기에도 이어질 전망으로 올해 단일품목 연간 매출이 1000억 원을 무난하게 달성할 것으로 보고 있다.국내 36호 신약인 당뇨병 치료제 엔블로는 해외 다른 제약사 제품보다 우수한 효과를 입증하면서 경쟁력을 인정받고 있다. 경증 및 중등증 신기능 장애를 동반한 당뇨병 환자를 대상으로 진행한 임상에서 해외 제약사의 다파글리플로진보다 혈당, 당화혈색소 등을 더 많이 낮춘 결과를 연이어 발표하면서 국내외 관계자들을 놀라게 했다고 대웅제약 측은 전했다. 해외 제품이 주류였던 당뇨병 치료제 시장에서 국산 신약이 새로운 이정표를 세워가고 있다는 평가가 나온다.이창재 대웅제약 대표는 “글로벌 경기침체 이슈 등 어려운 경영여건 속에 대웅의 3대 혁신신약 나보타와 펙수클루, 엔블로가 높은 성장을 이어가면서 분기 최대 실적을 달성했다”며 “하반기에도 우수한 실적과 계획했던 목표 달성을 통해 분기마다 실적 신기록을 쓰는 ‘혁신 성장구조’를 만들어 나갈 것”이라고 말했다.",https://n.news.naver.com/mnews/article/020/0003581077,103,생활/문화
"트럼프 캠프 ""해리스 상승세, 정지된 현실…허니문 곧 끝날 것""",2024.08.09. 오후 1:45,"""언론, 해리스에 긍정적…가짜뉴스는 국민의 적""도널드 트럼프 전 미국 대통령이 8일 (현지시간) 플로리다주 팜 비치에 있는 마러라고 별장에서 가진 기자회견을 하고 있다. 2024.08.09 ⓒ AFP=뉴스1 ⓒ News1 우동명 기자(서울=뉴스1) 김예슬 기자 = 도널드 트럼프 전 미국 대통령 측에서 카멀라 해리스 부통령의 최근 상승세에 대해 ""정지된 현실(suspended reality)""이라고 표현하며 그가 상승세를 유지할 수 없을 것이라고 주장했다.8일(현지시간) 외신을 종합하면 트럼프 전 대통령은 이날 플로리다주(州)에 있는 개인 소유 마러라고 리조트에서 단독 기자회견을 열었다.트럼프 전 대통령의 수석 고문인 여론 조사 전문가 토니 파브리지오는 ""우리는 몇 주 동안 현실을 정지시킨 일종의 유체이탈을 경험하고 있다""고 말했다.이어 ""그 정지된 현실 속에서 카멀라 해리스는 조 바이든을 만난 적이 없는 것 같다""며 ""해리스는 바이든 행정부에서 일어난 일에 대해 아무런 책임이 없는 것처럼 행동하기 위해 노력할 것""이라고 덧붙였다.또 이날 트럼프 캠프 관계자들은 기자들에게 해리스 부통령과 관련된 기사 제목이 적힌 8페이지 분량의 문서를 나눠주기도 했다. 기사 제목들이 해리스 부통령에게 지나치게 호의적이라는 취지에서다.트럼프 전 대통령은 기자회견에 앞서 자신의 소셜미디어 트루스소셜에 ""카멀라의 집회에 1000명이 모이면 언론은 미쳐서 그것이 얼마나 큰 규모인지 떠들 것""이라며 ""가짜뉴스는 국민의 적""이라고 적었다.트럼프 캠프 내부에서는 해리스 부통령에 대한 긍정적인 언론 보도에도 불구하고 그의 상승세가 곧 꺾일 것으로 보고 있다. 트럼프 전 대통령의 측근은 폴리티코에 ""트럼프 캠프는 해리스의 허니문이 곧 끝날 것이라고 여전히 확신하고 있다""며 ""우리는 그것이 며칠 내 사라질 것이라고 기대한다""고 강조했다.트럼프 전 대통령은 최근 여론조사에서 해리스 부통령에게 근소하게 밀리고 있다. 입소스가 지난 2~7일 전국 유권자를 상대로 한 여론조사에서 해리스 부통령의 지지율은 42%, 트럼프 전 대통령(37%)을 앞섰다.또 미국 정치 전문 매체 더힐에 따르면 지난 4~6일 사이 등록 유권자를 대상으로 실시된 여론조사에서도 해리스 부통령은 45% 대 43%로 트럼프 전 대통령을 2%p 차이로 앞섰다. 그 전주에는 해리스 부통령은 같은 여론조사에서 46% 대 44%로 트럼프 전 대통령을 2%p 차이로 앞선 바 있다.",https://n.news.naver.com/mnews/article/421/0007720990,104,세계
"중국, 이제 내연차보다 전기차 더 산다…'점유율 50%' 첫 돌파",2024.08.09. 오후 3:04,"중국의 전기차 판매가 처음으로 내연차를 넘어섰다. 중국에서 전기차가 대세로 부상하면서 미국보다 한 발 앞서 전동화 추세를 주도할 가능성이 엿보인다.[베이징(중국)=뉴시스] 박정규 기자 = 25일(현지시간) 중국 베이징 중국국제전람중심 순의관에서 열린 베이징 국제모터쇼 '오토차이나 2024'에 BYD 차량이 전시돼 있다. 2024.04.25.8일 중국 승용차시장정보연석회(CPCA)는 7월 중국 승용차 시장 판매대수가 172만대로 작년 동기 대비 2.8% 감소했다고 밝혔다. 이중 내연차 판매대수는 84만대로 지난해 동기 대비 26% 급감했으나, 전기차(친환경차) 판매대수는 87만8000대로 오히려 36.9% 급증했다. 전기차 점유율은 월간 기준 사상 처음으로 절반을 넘어서며 51.1%를 기록했다.중국 경제매체 차이신에 따르면 중국의 전기차 점유율은 2021~2023년 연간 기준 각 14.8%→27.6%→35.7%로 빠르게 상승했다. 중국 정부가 2025년 목표로 내세운 전기차 점유율 20%도 3년 빠른 2022년에 달성됐다. 중국에서 말하는 전기차는 순수전기차인 BEV를 비롯해 플러그인하이브리드차(PHEV), 수소연료전지차(FCEV)를 모두 포함한다.특히 플러그인하이브리드 인기가 급상승 중이다. 7월 중국 전기차 판매 중 순수전기차와 플러그인하이브리드 차 판매대수는 각 48만2000대와 39만6000대로 작년 대비 각각 14.3%, 80.4% 늘었다. CPCA는 ""중국 자동차 업체의 플러그인하이브리드 기술 혁신으로 중국 플러그인하이브리드 차 판매가 전 세계 시장의 78%를 차지했으며 이는 중국 승용차 시장의 전기차 점유율이 50%를 돌파한 주요 원인""이라고 분석했다.중국 승용차 시장의 전기차 점유율 추이/그래픽=윤선정중국에서 플러그인하이브리드 차는 가성비를 앞세워 올들어 선풍적인 인기를 누리고 있다. 특히 BYD는 지난해부터 '유전동가'(油電同價·내연기관차와 전기차 가격이 동일) 구호와 함께 저가 전기차를 출시하며 내연차 시장 공략에 나섰다. 올해 2월에는 '내연차보다 싼 전기차'를 내세우며 가격이 7만9800위안(약 1520만원)에 불과한 기존 모델의 '롱야오' 버전을 잇달아 출시했다. BYD는 상반기에만 전기차 160만7000대를 팔아 치웠으며 이중 플러그인하이브리드 차가 54.8%를 차지했다.한편 전동화 추세에 올라탄 중국 전기차업체들의 진격으로 BBA(벤츠·BMW·아우디) 등 고급차뿐 아니라 독일·일본 자동차업체의 점유율은 감소 추세를 벗어나지 못했다.7월 중국 승용차 시장에서 중국 로컬브랜드의 점유율은 작년 동기 대비 8.5%포인트 상승한 61.8%로 상승했다. 반면 글로벌 완성차 브랜드는 독일계 브랜드의 점유율이 17.6%(2.9%p↓), 일본계 브랜드는 12.9%(3%p↓), 미국계 브랜드는 5.8%(1.9%p↓)를 기록하는 등 하락 추세가 심화됐다.올들어 내연차 의존도가 높은 글로벌 완성차 브랜드는 중국에서 전동화 전환 지연, 판매량 감소, 가격인하, 감산, 해고 및 임금 삭감 소식으로 계속해서 언론 지면을 장식하고 있다.",https://n.news.naver.com/mnews/article/008/0005075231,104,세계
"美민주 해리스·월즈, 미시간서 유세…노동계 표심 공략",2024.08.09. 오전 7:12,"[6일(현지시간) 필라델피아 유세장에 참석한 해리스 부통령과 팀 월즈 미네소타 주지사. (필라델피아 EPA=연합뉴스)]미국 민주당 대선 후보인 카멀라 해리스 부통령과 러닝메이트 부통령 후보 팀 월즈 미네소타 주지사가 대선 경합주인 미시간주에서 유세에 나섰습니다.현지시간 8일 해리스 부통령과 월즈디트로이트에서 전미자동차노조(UAW) 조합원들을 대상으로 유세를 하고 89일 앞으로 다가온 대선에서 지지를 호소했습니다.미국의 대형 노조들은 전통적으로 민주당과 우호 관계를 형성해 왔습니다.올 11월 대선을 앞두고도 UAW를 비롯해 건설·전기 등 대형 노조들이 일찌감치 조 바이든 미국 대통령에 대한 지지를 선언하고 조직적으로 세를 집결해 왔습니다.하지만 바이든 대통령이 첫 TV 토론에서 참패하며 민주당 내부에서 심각한 위기론이 대두하면서 노조 지지세도 다소 주춤한 상황이었습니다.민주당의 정·부통령 후보로 결정된 해리스 부통령과 월즈 주지사가 경합주 유세의 일환으로 디트로이트를 서둘러 찾은 것 역시 이같이 흔들리는 지지 기반을 다잡기 위한 것으로 풀이됩니다.특히 러스트벨트(미 오대호 인근의 쇠락한 공업지대)에 속한 '블루월'(민주당이 대선에서 승리한 지역)이자 경합주인 미시간과 위스콘신주는 민주당이 반드시 사수해야 할 곳으로 노동자 표심이 선거승패를 좌우하는 것으로 꼽힙니다.숀 페인 UAW 위원장은 월즈 주지사의 부통령 후보 지명 이후 곧바로 지지 입장을 밝히고 이들을 '민주당의 다이나믹 듀오'로 칭하는 등 변함없는 지지를 재확인했으며 주요 노조 지도부 역시 이 같은 대열에 합류하고 있습니다.해리스 부통령은 유세에서 ""우리는 집단적 힘을 믿는다""면서 ""우리는 우리를 분열하고 갈라놓으려는 세력과 싸울 것""이라며 도널드 트럼프 전 대통령과 공화당을 분열 세력으로 규정했습니다.이어 ""UAW의 지지를 받게 돼 너무나 큰 영광이고 감사하다""면서 ""우리는 국민과 노동의 존엄, 자유, 정의, 평등을 대변하며 이 모든 것을 위해 싸워나갈 것""이라고 목소리를 높였습니다.월즈 주지사는 ""노조가 중산층을 만들었고, 다른 모든 미국인도 (이를) 알고 있다""며 ""이를 믿지 않는 사람이 도널드 트럼프""라고 트럼프 전 대통령을 직격했습니다. 그러면서 ""트럼프는 세계를 전적으로 우리와 다른 방식으로 바라본다""며 ""모든 공동체와 이웃, 노조가 세계를 통합의 관점으로 바라보지만 이 사람은 그렇게 보지 않는다. 그에게는 자신만이 중요하다""고도 비판했습니다.당신의 제보가 뉴스로 만들어집니다.SBS Biz는 여러분의 제보를 기다리고 있습니다.홈페이지 = https://url.kr/9pghjn",https://n.news.naver.com/mnews/article/374/0000396822,104,세계
"中 소비자 물가, 예상치 상회했지만… 디플레 우려는 여전",2024.08.09. 오후 12:43,"중국의 소비자물가(CPI) 상승률이 시장 예상치를 뛰어넘었다. 하지만 6개월째 0%대를 벗어나지 못하고 있는 데다, CPI의 선행 지표로 꼽히는 생산자물가(PPI) 상승률 역시 21개월째 마이너스를 기록하고 있어 디플레이션(경기 침체 속 물가 하락) 우려가 완전히 사라지기까지는 시일이 필요하다.중국 국가통계국은 7월 CPI가 전년 동기 대비 0.5% 상승했다고 9일 밝혔다. 전월(0.2%)보다 0.3%포인트 확대됐고, 블룸버그통신이 집계한 시장 예상치(0.3%)도 상회했다. 지난 2월(0.7%) 이후 가장 높은 수준이기도 하다.중국 월간 CPI 상승률은 지난해 9월 0.0%를 찍고 올해 1월 -0.8%까지 떨어졌다. 2월 반등했지만, 3월부터 6월까지 0.1~0.3% 수준을 유지했다. 7월도 절대적으로 높은 수치는 아닌 데다, 반년째 0%대를 벗어나지 못하고 있다는 점에서 저물가가 해소됐다고 보기는 어렵다.중국 소비자물가 상승률 추이. 파란 선이 전년 동기 대비, 노란 선이 전월 대비./중국 국가통계국 캡처둥리쥐안 국가통계국 수석통계학자는 이번 CPI 상승에 대해 “소비 수요의 지속적인 회복과 일부 지역의 고온, 높은 강수량 영향으로 식품 가격이 급등했다”라고 설명했다. 실제 돼지고기 가격이 1년 전 같은 기간보다 20.4% 상승한 것이 이번 CPI를 끌어올렸다. 중국에서 돼지고기 가격은 CPI에서 가장 큰 비중을 차지해 물가의 가늠자로 꼽힌다. 전 세계 돼지고기의 절반가량이 중국에서 생산되는 데다, 중국 육류 소비의 60%를 차지하기 때문이다.여기에 신선야채(3.3%)와 교통 연료(5.1%), 여행(3.1%) 가격이 오른 점도 CPI 상승에 기여했다. 단 소고기(-12.9%)와 식용유(-4.1%)·과일(-4.2%), 자동차(-5.6%) 가격은 떨어져 전체 CPI 상승세를 제한했다.CPI의 선행 지표 역할을 하는 PPI는 전년 동기 대비 0.8% 하락해 전월과 같은 수준을 유지했다. 시장이 0.9% 하락할 것으로 예상한 것을 고려하면 선방했다. 2016년 이후 최장 기간인 22개월 연속 하락세를 기록 중이지만, 지난해 7월 -4.4%를 기록한 이후 같은 해 11월 -3.0%, 올해 5월 -1.4% 등 조금씩 낙폭을 줄이고 있다.중국의 내수 회복 여부에 올해 경제성장률 목표(5% 안팎) 달성 여부가 달려있다는 분석이 나온다. 블룸버그는 “올해 중국 경제에서 보기 드물게 밝았던 수출이 7월 들어 예상치 못하게 둔화했고, 이는 올해 중국의 성장 목표를 위협하고 있다”라며 “국내 수요를 되살리는 것이 점점 더 중요해지고 있다”라고 했다.",https://n.news.naver.com/mnews/article/366/0001010904,104,세계
뱅크시 이례적 동물그림 릴레이 벽화에 '들썩'…다음 벽화 어디,2024.08.08. 오후 12:52,"뱅크시가 7일(현지시간) 런던 브릭 레인의 기차역 다리에 남긴 원숭이 벽화. EPA=연합뉴스이름 없는 그래피티 예술가 뱅크시가 영국 런던에서 잇달아 벽화를 공개하면서 현지에서는 다음 그림을 찾아내려는 기대감이 커지고 있다고 7일(현지시간) 영국 일간 가디언 등이 전했다.뱅크시는 그간 철저히 신분을 드러내지 않고 작품을 남겨왔기에 이처럼 매일같이 벽화를 그려놓는 것은 이례적이다.뱅크시는 이날 런던 동부의 구제 패션 거리인 브릭 레인에서 기차가 지나다니는 다리 벽면에 그네를 타는 원숭이 세 마리가 담긴 벽화를 남겼다.뱅크시는 이후 인스타그램 계정에 이 벽화가 자기 작품임을 인증했다.이같은 깜짝 등장에 런던 곳곳에서는 벽화 앞에 모인 사람들이 '인증샷'을 찍는 모습이 연출되고 있다.뱅크시가 6일(현지시간) 런던 첼시의 한 건물에 남긴 코끼리 벽화. EPA=연합뉴스뱅크시는 전날에도 첼시 에디스 테라스의 주거용 건물에 남긴 벽화는 건물 벽에 두 마리의 코끼리가 막힌 창문 밖으로 머리를 내밀고 있는 모습의 벽화를 남겼다.5일에는 런던 남서부 리치먼드의 큐 브릿지 인근 건물 벽에 염소 모습의 벽화를 남겼다. 이 작품은 바위가 아래로 떨어지는 난간 위에 그려진 염소의 실루엣과 이를 지켜보는 CCTV 카메라를 묘사하고 있다.더 타임스는 염소 벽화가 그려진 벽에 있는 진짜 CCTV가 작업자용 크레인을 이용해 벽화를 그리는 모습을 감추기 위해 들어 올려지는 장면이 CCTV 영상에 포착됐다면서 화면에 나온 두사람 중 한명이 뱅크시일 가능성이 있다고 전했다.뱅크시가 5일(현지시간) 영국 리치먼드의 큐 브릿지 인근 건물에 그린 염소 벽화. EPA=연합뉴스메일 온라인도 영상 속 마스크와 작업모를 쓴 남성이 친구와 동행한 뱅크시로 추정된다고 보도했다.뱅크시는 이번에 공개한 작품 3점에 대해 아무런 설명을 남기지 않아 작품의 의미에 대한 궁금증을 낳고 있다.뱅크시 전문가인 제임스 피크는 BBC 방송에 “뱅크시가 다음 벽화를 어디에 공개할까? 아무도 모를 것”이라며 “다만 여기 사람들 모두가 이 얘기를 하고 있다”고 말했다.일각에서는 이번 동물 벽화를 ‘런던 동물원 연작’이라고 부르면서, 최근 영국을 어수선하게 만든 극우 폭도들을 동물에 빗댄 것이라는 해석을 내놓았다.또 첫날 공개된 염소가 팔레스타인에서 자주 보이는 가축이라는 점에서 가자전쟁으로 고통받는 팔레스타인 민간인과 연대를 표시하는 것이라는 추측도 나온다.뱅크시는 이전 작품에서도 원숭이를 자주 등장시켰으며, 사회적, 정치적 의미를 전달하려 동물을 사용하곤 했다.본명이나 신원이 알려지지 않은 뱅크시는 영국은 물론이고 세계 곳곳에 메시지를 담은 벽화를 남겨 세계적으로 유명해진 화가로, 소셜미디어에 사진을 올리는 방식으로 진품을 알리곤 한다.뱅크시의 작품은 인간과 사회상에 대한 감성과 메시지를 담은 예술 작품으로 인정받았으며 전시나 경매에서 거액에 판매되기도 했다.뱅크시는 자기 작품에 대한 공식 보증과 판매를 주관하는 회사인 ‘페스트 컨트롤’을 지난 2008년 설립했다.",https://n.news.naver.com/mnews/article/025/0003378653,104,세계
"위원장·부위원장 빠진 '방송장악 청문회'…방통위 사무처 ""공영방송 이사 선임 과정 적법""",2024.08.09. 오후 3:13,"9일 오전 열린 국회 과학기술정보방송통신위원회의 '불법적 방송문화진흥회 이사 선임 등 방송장악 관련' 1차 청문회에 증인으로 출석한 방송통신위원회 직원들이 의원들이 질의하며 게시한 자료를 바라보고 있다. [Ⓒ연합뉴스][디지털데일리 강소현기자] 방송통신위원회(이하 방통위) 사무처가 공영방송 이사 선임 과정에 대해 “적법하게 추천 및 임명됐다고 생각한다”는 입장을 밝혔다.조성은 방통위 사무처장은 9일 국회 과학기술정보방송통신위원회가 진행한 '불법적 방송문화진흥회 이사선임 등 방송장악 관련 청문회'에 증인으로 참석해 ‘공영방송 이사 선임이 방통위설치법 제12조에 따라 적법하게 추천 및 임명이 이뤄졌냐’는 질의에 이같이 답했다.이번 청문회는 방통위 이진숙 위원장과 김태규 부위원장이 임명된 첫날인 지난달 31일 2인 체제에서 KBS와 MBC 대주주인 방송문화진흥회 이사 등 총 13명을 선임한 것과 관련해 적절성을 검토하기 위해 열렸다.앞서 이 위원장과 김 부위원장은 취임 당일인 지난달 31일 방문진과 KBS 이사 선임안을 의결했다. 약 1시간40분 동안 진행된 회의에서 KBS 이사회 이사 후보자 53명 중 7명을, MBC 대주주인 방송문화진흥회(방문진) 이사 후보자 31명 중 6명을 선정했다.이에 야당은 방통위가 면접 등 공영방송 이사 선임에 필요한 과정을 생략했다고 주장했다. 취임 당일 지원자의 서류를 검토할 충분한 시간이 없었을 뿐더러 면접 절차도 생략됐다는 지적이다. 이에 대해 방통위는 7~8차례 반복된 투표를 통해 후보자를 걸러냈다는 입장을 밝혔다.다만, 방통위 사무처는 이날 공영방송 이사 선임과 관련 별도 법에 규정된 절차는 없다고 말했다. 조 사무처장은 ‘공영방송 이사 선임 과정이 졸속으로 진행됐다는 주장에 대핸 어떻게 생각하시냐’는 질의에 “이사 선임과 관련해 사무처에서 이렇다 저렇다 말씀드리는 것은 적절하지 않은 것 같다”고 말을 아꼈다. 그러면서도 “(공영방송 이사 선임과 관련해) 특별한 절차가 정해져 있지 않은 것으로 안다”고 말했다.또 일부 이사가 지원서에서 자신의 이력 등을 사실과 다르게 적은 것은 향후 문제가 있다고 볼 수 있다고 봤다. 관련한 질문에 조 사무처장은 ""그 사실만을 봤을 때는 그렇게 볼 수도 있을 것 같다""고 답했다.이날 증인으로 채택된 이 위원장과 김 부위원장 등은 불참했다. 이에 과방위는 2·3차 청문회를 열기로 결정했다. 증인으로 채택되고도 연이어 출석하지 않는 경우, 국회에서의 증언·감정 등에 관한 법률(국회 증감법)에 따라 이들을 처벌할 수 있기 때문이다. 다음 청문회는 오는 14일과 21일에도 예정돼 있다.한편 최민희 과방위원장은 일부 응모자가 이 위원장에 대해 기피신청을 제기했음에도 불구, 이를 결정하는 표결에 이 위원장 스스로가 참여한 것을 문제 삼았다.조 사무처장은 '이 위원장이 표결에 참여했냐'는 최 위원장의 질의에, ""참여한 것으로 기억한다""고 답했다. 이에 최 위원장은 ""이것은 방통위법 제14조제1항 제1호를 위반했다는 점을 말씀드린다""고 했다.",https://n.news.naver.com/mnews/article/138/0002179680,105,IT/과학
"인텔 아크 GPU, 자동차로 확대...中선전서 '아크 A760A' 공개",2024.08.09. 오후 3:00,"SDV용 SoC와 결합해 AI·그래픽 성능 강화... 내년 1분기부터 공급인텔이 자체 개발한 아크(Arc) GPU 수요처를 PC와 서버에 이어 자동차까지 확대한다. 8일 중국 선전에서 진행된 'AI 칵핏 이노베이션 익스피리언스' 행사에서 첫 제품인 '아크 A760A'를 공개하고 내년 1분기부터 공급한다고 밝혔다.인텔은 올 초 공개한 소프트웨어정의자동차(SDV)용 x86 SoC(시스템반도체)에 자동차용 아크 GPU를 더해 운전자와 동승자를 위한 맞춤형 AI 기능을 구현할 수 있다고 밝혔다.자동차용 GPU '아크 A760A'를 공개하는 잭 위스트 인텔 오토모티브 총괄(부사장). (사진=인텔)아크 A760A를 탑재한 자동차는 내년부터 실제 양산차에 투입 예정이다. 인텔은 ""자동차용 GPU 시장 진출은 날로 복잡해지는 운전석 환경 구현 문제를 해결해 줄 것""이라고 밝혔다.■ 아크 A750 기반으로 작동 온도 등 보강인텔은 올 초 CES 2024에서 소프트웨어정의자동차(SDV) 플랫폼을 위한 자동차용 반도체를 올 연말부터 생산한다고 밝힌 바 있다. 최대 12코어 CPU와 GPU를 타일로 구성해 탑재하며 완성차 업체가 직접 설계한 반도체나 외부 반도체도 UCIe 기술로 연결할 수 있다.인텔이 자동차용 프로세서 분야에 진출을 선언하고 올해 말부터 생산에 들어간다고 밝혔다. (사진=지디넷코리아)인텔이 8일 공개한 아크 A760A는 SDV용 반도체와 PCI 익스프레스 4.0으로 연결해 그래픽 성능이나 AI 연산 성능을 보완할 수 있다.아크 A760A는 그래픽 처리를 맡는 Xe 코어 28개로 구성되며 AI 처리에서 주로 쓰이는 행렬 연산을 가속하는 XMX(Xe 행렬 확장) 엔진 448개를 내장했다. AI 처리 성능은 INT8(정수, 8비트) 기준 229 TOPS(1초당 1조 번 연산)다.인텔 아크 A760A GPU. (사진=인텔)대부분의 수치가 2022년 3분기 출시된 데스크톱PC용 GPU인 아크 A750과 같다. 그러나 자동차 내 탑재를 고려해 작동 온도는 섭씨 -40도부터 105도까지 확장됐고 최대 작동 클록도 1.9GHz 내외로 다소 낮아졌다.■ ""자동차용 GPU 더해 고급차 위한 추가 기능 구현""인텔은 ""기존 SDV 포트폴리오를 위해 설계된 SoC(시스템반도체)에 아크 GPU를 더해 완성차 업체들이 개방되고 유연하며 확장 가능한 플랫폼으로 차세대 플랫폼을 제공할 수 있게 될 것""이라고 밝혔다.예를 들어 대중차에는 SDV용 SoC만 탑재해 기본적인 기능을 구현하고 중대형차나 고급차는 SDV SoC와 아크 A760A를 모두 탑재해 풍부한 시각효과와 AI 기반 기능을 제공할 수 있다.잭 위스트 인텔 오토모티브 총괄(부사장)은 ""인텔 전략은 AI를 모든 형태 기기에 접목하는 것이며 방대한 개방형 AI 생태계를 자동차 업계에 소개할 수 있어 기쁘다""고 밝혔다.■ 중국 전기차 시장서 기회 찾는 인텔이미 SDV 시장에는 엔비디아 드라이브, 퀄컴 스냅드래곤 디지털 칵핏 등 많은 경쟁자가 존재한다. 이들 업체는 이미 전세계 주요 완성차 업체와 협력해 실제 제품을 공급중이다.반면 후발주자인 인텔은 자국 업체 중심 생태계가 형성된 중국 전기차 시장을 대상으로 삼았다.지난 4월 베이징모터쇼에 전시된 비야디(BYD) 고성능 후륜 전기차. (사진=지디넷코리아)시장조사업체 SNE리서치에 따르면 올 상반기 전기차 출하량 기준 10대 업체에는 BYD(1위), 지리그룹(3위), 상하이자동차(5위), 창안자동차(6위) 등 중국 업체가 대거 이름을 올렸다. 이들의 출하량을 모두 합치면 글로벌 전기차 출하량의 38%를 차지한다.올 1분기 글로벌 전기차 인도량 (표=SNE리서치)잭 위스트 인텔 오토모티브 총괄(부사장)은 8일 ""중국의 빠른 전기차 개발 사이클과 첨단 기술 수용 속도는 차세대 기술 시험에 최적의 장소""라고 밝히기도 했다.인텔 아크 GPU는 미국의 대중 반도체 수출 규제 대상에서도 제외됐다. 아크 A760A의 성능은 엔비디아 지포스 RTX 3050과 동급으로 추정되며 미국 상무부의 반도체 수출 규제 기준인 대역폭이나 연산 성능에도 저촉되지 않는다.■ GPU 버릴 수 없는 인텔, 자동차용 제품으로 불투명성 해소인텔이 2022년 3월부터 10월에 걸쳐 출시한 아크 A시리즈(개발명 '알케미스트') GPU 성능이 기대에 못 미치는 데다 초기 드라이버 문제로 게임 성능이나 호환성 문제도 불거졌다.인텔 아크 A750 한정판 그래픽카드. (사진=지디넷코리아)일각에서는 인텔이 GPU 개발 우선 순위를 낮추거나 취소할 수 있다는 전망까지 나왔다. 그러나 생성 AI 등을 클라우드 도움 없이 실행할 수 있는 AI PC 요구사항이 커지면서 CPU와 협동할 수 있는 자체 GPU 개발은 필수 조건이 됐다.인텔은 오는 9월 정식 출시할 코어 울트라 시리즈2(루나레이크)에 Xe2 기반 GPU를 탑재하고 이를 기반으로 한 2세대 GPU인 배틀메이지도 올 하반기 중 출시 예정이다.인텔은 하반기 코어 울트라 시리즈2에 Xe2 기반 GPU를 탑재하고 2세대 GPU '배틀메이지'도 출시 예정이다. (사진=지디넷코리아)이번 자동차용 GPU 공개는 아크 GPU 포트폴리오 확대와 함께 GPU 사업 관련 불투명성 해소에도 일정 부분 도움을 줄 것으로 보인다.",https://n.news.naver.com/mnews/article/092/0002341556,105,IT/과학
난카이 대지진 터지면 동일본 대지진급…“한반도가 직접 영향권”,2024.08.09. 오후 3:44,"8일 일본 규슈 미야자키현 규모 7.1 지진난카이 해구 대지진의 전조일 수도지질연, 난카이 대지진 대비 시뮬레이션 예정일본 규슈 남동부 미야자키현 앞바다에서 8일 오후 4시 43분께 규모 7.1 지진이 발생했다. 붉은색 X가 진앙이고, 진도는 노란색, 파란색, 하늘색, 흰색 순으로 줄어든다./연합뉴스지난 8일 일본 규슈 남부에서 규모 7.1 지진이 발생했다. 일본 정부는 지진 직후 난카이 대지진이 발생할 가능성이 커졌다는 의미로 지진 임시 정보 ‘주의’를 발령했다. 국내 전문가들은 난카이 대지진이 일어나면 최대 규모 9를 기록할 수 있어 대비가 필요하다고 강조했다.난카이 대지진은 난카이 해구에서 발생하는 대지진을 말한다. 필리핀해 아래에 있는 필리핀판이 일본 열도가 있는 유라시아판 밑을 파고들면서 일어난다. 해구는 대륙사면과 심해저의 경계를 따라 형성된 수심이 6000~1만1000m인 V 자형의 깊은 골짜기다. 난카이 해구는 일본 수도권 서쪽인 시즈오카현 앞바다에서 시코쿠 남부, 규슈 동부 해역까지 이어져 있다.홍태경 연세대 지구시스템과학과 교수는 “난카이 해구를 크게 난카이, 도난카이, 도카이 3개 지역으로 나누고, 구역별로 100~150년 주기의 규모 7~8 지진이 일어난다고 본다”며 “현재 도카이에서 30년 이내에 지진이 일어날 확률이 70~80%”라고 말했다. 홍 교수는 “이 지역에서 지진이 일어나면 도카이부터 난카이까지 연쇄적으로 지진이 일어나면서 규모가 9에 달할 수 있다”고 했다. 관측 이래 일본 최대의 지진으로 꼽히는 2011년 동일본 대지진과 같은 규모다.일본 정부도 이번 규슈 남부의 지진이 난카이 대지진의 전조일 수 있다며 주의를 발령했다. 김태성 한국지질자원연구원 지진연구센터장은 “본진(난카이 대지진)이 일어날 만한 시점을 정확히 예측하기는 어렵다”며 “일단 주민들에게 주의를 주고, 안전하게 대비하도록 유도한 것”이라고 말했다. 앞서 일본 학자들은 2011년 3월 9일 발생한 규모 7의 지진을 두고 본진이라 판단했으나, 3월 11일 동일본 대지진이 일어나면서 사실은 전진이었던 것으로 확인됐다.일본 지진조사위원회는 난카이 대지진이 일어나면 사망자가 32만명을 넘고, 건물 240만 채가 피해를 볼 것으로 전망했다. 가장 최근에 난카이, 도난카이, 도카이가 모두 연동돼 발생한 대지진은 1707년 일본 와카야마현 남쪽 해역에서 일어난 호에이 대지진으로 추정된다. 당시 규모 8.6 이상의 지진으로 후지산이 분화하면서 화산재 피해가 컸다.난카이 대지진의 영향은 한국도 피해 갈 수 없을 것으로 보인다. 일본 측 데이터에 따르면 지난 8일 7.1 규모의 지진은 진앙에서 450㎞ 떨어진 한국 남해안에 진도 1 정도의 영향을 줬다. 규모는 지진의 절대적 에너지를 말하고 진도는 특정 지역에서 체감하는 상대적 진동의 크기를 말한다. 진도 1은 민감한 사람만 느끼는 정도다.하지만 난카이 대지진이 발생하면 이번 지진과 차원이 다른 충격이 한반도에 올 수 있다. 홍태경 교수는 “난카이 대지진이 규모 9 정도라고 가정하면, 이번에 일어난 규모 7.1의 지진보다 에너지가 1000배 더 높다는 것”이라며 “땅이 흔들리는 정도는 에너지의 제곱근이라 이번 지진보다 약 30배가 더 흔들린다고 보면 된다”고 말했다.단순히 땅이 흔들리는 것을 넘어서 한반도의 지진 환경을 바꿀 수도 있다. 홍태경 교수는 “동일본 대지진의 영향으로 경주와 포항에 지진이 일어났던 것처럼, 난카이 대지진은 한반도의 지진 발생 환경을 크게 바꿀 것”이라며 “과거 경주에서 일어났던 규모 7 정도의 지진이 앞당겨서 발생할 수 있다”고 말했다.한국지질자원연구원은 일본 난카이 대지진이 한국에 미치는 영향을 시뮬레이션(가상실험)할 계획이다. 김태성 지진연구센터장은 “국내용으로 개발한 조기 경보 시뮬레이션을 활용해 일본에 대지진이 났을 때 지진파가 한국에 도착하는 시간과 그 규모를 예측해 볼 수 있다”며 “일본은 국외라 시뮬레이션에서 사용하는 변수를 바꿔야 하겠지만, 시도는 해볼 수 있을 것”이라 말했다.김 센터장은 한반도에 집중됐던 지진 연구를 국외로 넓혀야 한다고 했다. 그는 “과거에 일본에서 큰 지진이 나도 한반도에 큰 영향을 미치지 않았다”며 “하지만 난카이 대지진이 일어날 수 있는 지역은 남해안에서 최대 450㎞ 정도로 가깝기 때문에, 남해안을 포함해 한반도에 미칠 영향을 연구하는 것이 필요하다”고 말했다.",https://n.news.naver.com/mnews/article/366/0001010945,105,IT/과학
이통 3사 중 SKT만 영업익 늘어…AI·B2B로 수익 창출 관건,2024.08.09. 오후 2:35,"2024년 2분기 실적 발표 결과무선통신 시장은 사실상 포화상태기업 인프라·서비스 사업 실적 견인이동통신 3사의 올해 4~6월 실적 발표가 마무리됐다. 무선통신 시장이 정체기에 접어들면서 데이터센터 등 기업서비스 부문 성장세가 2분기 성적을 좌우했다. 3사 모두 인공지능(AI) 기업으로 거듭나겠다는 목표를 밝힌 가운데 SK텔레콤이 유일하게 전년 대비 영업이익이 증가했다.유영상 SK텔레콤 대표가 26일(현지시간) '모바일 월드 콩그레스(MWC) 2024'가 열리는 스페인 바르셀로나 피라 그란 비아 전시장에서 CEO 기자설명회를 열고 발언을 하고 있다. 사진=사진공동취재단SK텔레콤은 올해 2분기 매출 4조4224억원, 영업이익 5375억원을 기록했다고 지난 6일 발표했다. 매출과 영업이익 전년 동기 대비 각각 2.7%, 16.0% 증가했다.전 산업 부문에 AI 기술 적용이 가속화되면서 데이터센터 가동률이 높아지고 클라우드 수주가 증가해 엔터프라이즈 사업 매출이 전년 동기 대비 11% 성장한 4342억원을 나타냈다. 특히 데이터센터 사업은 지속적인 가동률 증가로 전년 동기 대비 20.5%의 매출 성장을 이뤘다. 엔터프라이즈 영역 중 사물인터넷(IoT) 사업은 전년 동기 대비 29%의 매출 증가를 기록했다.SK텔레콤은 생성형 AI 검색 전문 기업인 퍼플렉시티에 1000만 달러를, 미국 AI 데이터센터 통합 솔루션 기업 SGH에 2억 달러를 투자하는 등 글로벌 AI 기업으로 도약하기 위한 발판을 마련하고 있다. 하반기에는 AI 밸류체인 구축과 경쟁력 확보에 주력한다는 전략이다. 국내는 물론 해외 AI 데이터센터 시장 공략에 나설 계이다.SK텔레콤의 5G 가입자 비중은 1623만명으로 전년 동기 대비 10.6% 증가했지만, 전체 핸드셋 가입자는 2285만명으로 전년 동기 대비 1.5% 감소하며 무선통신 시장이 정체기에 접어들었음을 보여줬다.황현식 LG유플러스 대표가 임직원 대상으로 열린 타운홀 미팅에서 발언하고 있다. [이미지출처=연합뉴스]LG유플러스의 2분기 연결기준 매출은 1.9% 증가한 3조4937억원을 나타냈다고 지난 7일 밝혔다. 전체 매출에서 단말 매출을 제외한 '서비스매출'은 전년 동기 대비 1.6% 증가한 2조9439억원을 기록했다.영업이익은 전년 동기 대비 11.8% 감소한 2540억원에 그쳤다. LG유플러스 측은 신규 통합전산망 구축에 따른 무형자산 상각비용이 반영됐다고 설명했다. 무형자산 상각비는 1094억원으로 지난해 2분기보다 27.8% 증가했다. 영업비용 중 인건비도 12% 증가한 4939억원으로 집계됐다.무선 사업 매출을 보면, 전년 동기 대비 1.0% 증가한 1조5926억원을 기록했지만, 핸드셋 가입자는 1094만명으로 1.2% 감소했다.데이터센터, 솔루션, 기업회선 등의 사업이 포함된 기업 인프라 부문 매출은 전년 동기 대비 5.4% 증가한 4315억원을 기록했다. 2분기 인터넷데이터센터 사업 매출은 전년 대비 15.0% 늘어난 917억원으로 기업인프라 부문 사업 중 가장 높은 성장세를 보였다.LG유플러스는 지난달 ▲인프라 ▲플랫폼(생성형 AI) ▲데이터 등 3대 영역의 기술 혁신으로 'AI 응용 서비스'를 고도화해 AI 전환 중심의 매출 성장을 본격화하겠다는 B2B 중장기 성장 전략을 발표한 바 있다.김영섭 KT 대표[사진제공=KT]KT 역시 영업이익이 두 자릿수 감소하며 부진한 성적을 냈다. KT는 올해 2분기 연결기준 영업이익이 4940억원으로 전년 동기 대비 14.3% 감소했다고 9일 밝혔다. 인건비 증가를 비롯해 유선사업 매출 감소, KT 주요 그룹사의 실적 부진 등이 영향을 미쳤다.영업이익 감소분과 관련, KT 측은 임금협상에 따른 비용이 반영됐기 때문이라고 밝혔다. 2분기 영업비용 중 인건비는 1조2132억원으로 지난해 2분기와 비교해 7.2% 증가했다. 임금협상 결과 반영에 따른 비용 644억원을 제외하면 연결 영업이익은 전년 동기 대비 3.1% 감소, 별도 영업이익은 3.9% 증가했다는 설명이다.무선 사업 매출은 1조7651억원으로 지난해 같은 기간보다 2.5% 증가한 반면, 인터넷·미디어 등 유선 사업은 0.3% 감소한 1조3166억원을 기록했다. 홈유선전화 매출이 7.8% 줄었고, IPTV 가입자 수도 지난해 2분기(947만명)보다 줄어든 942만3000명을 기록했다.기업서비스 사업 중 AI고객센터·사물인터넷(IoT)·스마트모빌리티·스마트공간·에너지 등 5대 성장사업 매출은 960억원으로 전년 동기 대비 10.3%의 성장을 거뒀다.KT는 AICT 기업으로 거듭나기 위해 지난 6월 마이크로소프트(MS)와 전략적 파트너십을 체결했다. KT는 MS와 AI·클라우드·IT 분야에서 전방위적으로 협력할 계획이다.",https://n.news.naver.com/mnews/article/277/0005457340,105,IT/과학
"野 자진 사퇴촉구에 유상임 ""인사청문회서 거짓 없었다""",2024.08.09. 오후 1:56,"野, 유 후보자 장남 병역면제 사유 은폐 의혹 제기유 후보자 ""병역면제과정 거짓없이 설명했다""[이데일리 임유경 기자] 유상임 과학기술정보통신부장관 후보자가 9일 “인사청문회 비공개회의에서 장남의 병역면제과정에서 있었던 모든 사실을 여야의원들께 있는 그대로 거짓없이 설명드렸다는 점을 다시 한번 밝힌다”는 내용의 입장문을 냈다.[이데일리 노진환 기자] 유상임 과학기술정보통신부 장관 후보자가 8일 오전 서울 여의도 국회 과학기술정보방송통신위원회에서 열린 인사청문회에서 잠시 생각에 잠겨있다.이는 국회 과학기술정보방송통신(과방위) 소속 야당 의원들이 유 후보자가 지난 8일 인사청문회에서 아들의 병역 기피 의혹과 관련해 거짓말을 했다고 판단해, 자진 사퇴를 촉구하고 있는 데 따른 것이다.유 후보자는 인사 청문회에서 장남이 2014년 5급 전시근로역 판정을 받은 사유가 ‘질병’ 때문이라고 설명한 바 있다. 미국 체류 당시 아들이 특정 질병으로 인해 2주간 입원했고, 한국에 돌아와 해당 질병에 대한 병사용 진단서를 받았아 면제됐다는 설명이다. 하지만, 과방위 야당 의원들은 미국에서 입원은 아들의 불미스러운 행동에 기인한 것이고, 후보자가 자신에게 불리할 수 있는 사안을 아들의 질병으로 다 덮으려 한다며 자진사퇴를 촉구하고 있다.유 후보자는 인사청문회에서 거짓이 없었다는 입장이다. 그는 이번 입장문을 통해 “특히 입원 사유인 질병에 대해서도 사실 그대로 설명드다. 질병과 관련하여 국회에 제출한 자료에 질병명이 적시되어 있으며, 후보자가 밝힌 입원사유와 동일하다”고 설명했다. 더불어 “민감한 개인 의료정보이나 인사청문회의 취지에 따라 의원님들께 제출한 모든 자료는 가림처리 없이 그대로 제출했다”고도 덧붙였다.이어 “아픈 자식을 둔 부모로서 더 잘 챙기지 못한 점에 대해 송구하게 생각하며, 당사자인 아들의 의사와 상관없이 개인정보가 공개된 데 대해 아버지로서 가슴아프게 생각한다. 자식이 부모의 바람대로 되지는 않는 점도 널리 이해해 주시기 바란다”고 청했다.",https://n.news.naver.com/mnews/article/018/0005808404,105,IT/과학
